time,eiPosition_m_X,eiPosition_m_Y,eiPosition_m_Z,eiVelocity_m_s_X,eiVelocity_m_s_Y,eiVelocity_m_s_Z,eiAccel_m_s2_X,eiAccel_m_s2_Y,eiAccel_m_s2_Z,eiGravitation_m_s2_X,eiGravitation_m_s2_Y,eiGravitation_m_s2_Z
0.0,-4292653.41,955168.47,5139356.57,109.649663,-7527.72649,1484.521489,5.528986649809,-1.2302679053114,-6.6195499962663,5.528986649809,-1.2302679053114,-6.6195499962663
60.0,-4276130.764,501640.1506,5216447.948,440.8995044,-7584.043046,1084.189397,5.5084167710857,-0.6462017116843,-6.7197125039339,5.5084167710857,-0.6462017116843,-6.7197125039339
120.0,-4239785.465,45786.44927,5269357.68,770.1498564,-7605.207759,678.7772427,5.4623602979004,-0.0589893249854,-6.7888176007585,5.4623602979004,-0.0589893249854,-6.7888176007585
180.0,-4183783.258,-410279.4808,5297837.09,1095.87688,-7591.112907,270.1592543,5.3910151766711,0.5286657485356,-6.8265295773217,5.3910151766711,0.5286657485356,-6.8265295773217
240.0,-4108380.89,-864442.8941,5301750.471,1416.572094,-7541.813194,-139.7744838,5.2946951727153,1.1140548407296,-6.8326558258508,5.2946951727153,1.1140548407296,-6.8326558258508
300.0,-4013924.986,-1314597.201,5281075.784,1730.749288,-7457.525694,-549.1266558,5.1738287381118,1.6944763040691,-6.8071480539611,5.1738287381118,1.6944763040691,-6.8071480539611
360.0,-3900850.502,-1758653.688,5235904.828,2036.951361,-7338.629063,-956.0013936,5.028957371997,2.2672477256436,-6.7501028731748,5.028957371997,2.2672477256436,-6.7501028731748
420.0,-3769678.779,-2194551.175,5166442.892,2333.757041,-7185.66202,-1358.512974,4.8607334745195,2.8297181222202,-6.6617617528838,4.8607334745195,2.8297181222202,-6.6617617528838
480.0,-3621015.195,-2620265.55,5073007.89,2619.787462,-6999.321099,-1754.794491,4.6699176976655,3.379280064781,-6.5425103326504,4.6699176976655,3.379280064781,-6.5425103326504
540.0,-3455546.427,-3033819.155,4956028.968,2893.712566,-6780.45767,-2143.006472,4.4573757982604,3.9133816799089,-6.3928770881157,4.4573757982604,3.9133816799089,-6.3928770881157
600.0,-3274037.335,-3433289.972,4816044.604,3154.257307,-6530.074253,-2521.345388,4.2240750006481,4.4295384745268,-6.2135313483385,4.2240750006481,4.4295384745268,-6.2135313483385
660.0,-3077327.483,-3816820.557,4653700.202,3400.207611,-6249.320128,-2888.052034,3.971079878838,4.9253449298254,-6.00528066509,3.971079878838,4.9253449298254,-6.00528066509
720.0,-2866327.306,-4182626.702,4469745.18,3630.416087,-5939.486249,-3241.419721,3.6995477702863,5.3984858097768,-5.769067537494,3.6995477702863,5.3984858097768,-5.769067537494
780.0,-2642013.946,-4529005.763,4265029.584,3843.807443,-5601.999506,-3579.802266,3.410723735921,5.8467471294513,-5.5059654984099,3.410723735921,5.8467471294513,-5.5059654984099
840.0,-2405426.772,-4854344.632,4040500.22,4039.383586,-5238.41632,-3901.621713,3.1059350835296,6.2680267284599,-5.2171745720956,3.1059350835296,6.2680267284599,-5.2171745720956
900.0,-2157662.601,-5157127.295,3797196.341,4216.228382,-4850.415636,-4205.375778,2.7865854741652,6.6603443952703,-4.9040161159458,2.7865854741652,6.6603443952703,-4.9040161159458
960.0,-1899870.649,-5435941.964,3536244.885,4373.512051,-4439.791309,-4489.644954,2.4541486337922,7.0218514889002,-4.5679270624527,2.4541486337922,7.0218514889002,-4.5679270624527
1020.0,-1633247.228,-5689487.726,3258855.308,4510.495174,-4008.44394,-4753.09926,2.1101616949507,7.3508400056182,-4.2104535809643,2.1101616949507,7.3508400056182,-4.2104535809643
1080.0,-1359030.213,-5916580.69,2966314.021,4626.532287,-3558.372176,-4994.504594,1.7562181957458,7.6457510397776,-3.8332441822887,1.7562181957458,7.6457510397776,-3.8332441822887
1140.0,-1078493.307,-6116159.597,2659978.454,4721.075048,-3091.663528,-5212.728648,1.3939607659455,7.9051825898072,-3.4380422926808,1.3939607659455,7.9051825898072,-3.4380422926808
1200.0,-792940.1323,-6287290.864,2341270.784,4793.674958,-2610.484742,-5406.746369,1.0250735323647,8.1278966626789,-3.0266783272251,1.0250735323647,8.1278966626789,-3.0266783272251
1260.0,-503698.1667,-6429173.042,2011671.35,4843.985613,-2117.071762,-5575.644934,0.6512742779937,8.3128256328767,-2.6010612960524,0.6512742779937,8.3128256328767,-2.6010612960524
1320.0,-212112.5646,-6541140.655,1672711.779,4871.764486,-1613.719337,-5718.628194,0.2743063914753,8.4590778150076,-2.1631699801695,0.2743063914753,8.4590778150076,-2.1631699801695
1380.0,80460.11809,-6622667.406,1325967.867,4876.874216,-1102.770318,-5835.020595,-0.1040693544895,8.5659422127105,-1.7150437168964,-0.1040693544895,8.5659422127105,-1.7150437168964
1440.0,372658.2596,-6673368.743,973052.2416,4859.283402,-586.6046953,-5924.270518,-0.4820831554476,8.6328924104213,-1.258772837966,-0.4820831554476,8.6328924104213,-1.258772837966
1500.0,663121.5417,-6693003.747,615606.8386,4819.06689,-67.62843054,-5985.953049,-0.8579646162971,8.6595895788342,-0.7964888061971,-0.8579646162971,8.6595895788342,-0.7964888061971
1560.0,950497.3198,-6681476.352,255295.2314,4756.405557,451.7378682,-6019.772146,-1.2299512379633,8.6458845695195,-0.3303540992755,-1.2299512379633,8.6458845695195,-0.3303540992755
1620.0,1233446.966,-6638835.884,-106205.1501,4671.58558,969.0703656,-6025.562184,-1.5962969053927,8.5918190791042,0.1374481084684,-1.5962969053927,8.5918190791042,0.1374481084684
1680.0,1510652.153,-6565276.909,-467210.8762,4564.997198,1481.953461,-6003.288891,-1.9552803318663,8.4976258686444,0.6047244133541,-1.9552803318663,8.4976258686444,0.6047244133541
1740.0,1780821.047,-6461138.396,-826040.4103,4437.132978,1987.991237,-5953.049642,-2.3052134142114,8.3637280292894,1.0692817440723,-2.3052134142114,8.3637280292894,1.0692817440723
1800.0,2042694.382,-6326902.193,-1181022.001,4288.585567,2484.818828,-5875.07312,-2.6444494533856,8.190737290997,1.5289379618492,-2.6444494533856,8.190737290997,1.5289379618492
1860.0,2295051.388,-6163190.827,-1530501.534,4120.044972,2970.113672,-5769.718345,-2.9713911951496,7.9794513768762,1.9815324421093,-2.9713911951496,7.9794513768762,1.9815324421093
1920.0,2536715.538,-5970764.634,-1872850.308,3932.295357,3441.60656,-5637.473066,-3.2844986461277,7.7308504116337,2.4249365801528,-3.2844986461277,7.7308504116337,2.4249365801528
1980.0,2766560.086,-5750518.23,-2206472.694,3726.211378,3897.092452,-5478.951526,-3.5822966214863,7.4460923985497,2.8570641632429,-3.5822966214863,7.4460923985497,2.8570641632429
2040.0,2983513.382,-5503476.344,-2529813.643,3502.754074,4334.440992,-5294.891617,-3.8633819817425,7.1265077853287,3.2758815518132,-3.8633819817425,7.1265077853287,3.2758815518132
2100.0,3186563.915,-5230789.031,-2841366.005,3262.96634,4751.606667,-5086.15142,-4.1264305178335,6.7735931450205,3.6794176132687,-4.1264305178335,6.7735931450205,3.6794176132687
2160.0,3374765.083,-4933726.288,-3139677.618,3007.967992,5146.638567,-4853.70517,-4.3702034455265,6.3890040039155,4.0657733530471,-4.3702034455265,6.3890040039155,4.0657733530471
2220.0,3547239.646,-4613672.094,-3423358.149,2738.950457,5517.689682,-4598.638643,-4.5935534725178,5.9745468538319,4.4331311892448,-4.5935534725178,5.9745468538319,4.4331311892448
2280.0,3703183.861,-4272117.909,-3691085.626,2457.171114,5863.025704,-4322.144005,-4.7954304041273,5.5321703914775,4.7797638191658,-4.7954304041273,5.5321703914775,4.7797638191658
2340.0,3841871.255,-3910655.664,-3941612.662,2163.94731,6181.033279,-4025.514141,-4.9748862563331,5.0639560325266,5.1040426286146,-4.9748862563331,5.0639560325266,5.1040426286146
2400.0,3962656.039,-3530970.27,-4173772.309,1860.650091,6470.227666,-3710.136492,-5.1310798479687,4.5721077526552,5.4044455975985,-5.1310798479687,4.5721077526552,5.4044455975985
2460.0,4064976.135,-3134831.685,-4386483.539,1548.697665,6729.259771,-3377.486437,-5.263280847205,4.0589413119814,5.6795646593064,-5.263280847205,4.0589413119814,5.6795646593064
2520.0,4148355.804,-2724086.583,-4578756.31,1229.548648,6956.922518,-3029.120252,-5.3708732509199,3.5268729231194,5.9281124727564,-5.3708732509199,3.5268729231194,5.9281124727564
2580.0,4212407.865,-2300649.659,-4749696.197,904.6951118,7152.156523,-2666.667673,-5.4533582791875,2.9784074263377,6.1489285733137,-5.4533582791875,2.9784074263377,6.1489285733137
2640.0,4256835.483,-1866494.615,-4898508.572,575.655478,7314.055044,-2291.824122,-5.510356670863,2.4161260380954,6.340984869348,-5.510356670863,2.4161260380954,6.340984869348
2700.0,4281433.543,-1423644.868,-5024502.3,243.9672963,7441.868191,-1906.342609,-5.5416103700544,1.8426737414794,6.5033904575606,-5.5416103700544,1.8426737414794,6.5033904575606
2760.0,4286089.572,-974164.0399,-5127092.944,-88.82006541,7535.006363,-1512.025381,-5.5469835971298,1.260746388776,6.6353957339487,-5.5469835971298,1.260746388776,6.6353957339487
2820.0,4270784.23,-520146.2472,-5205805.468,-421.1527735,7593.04291,-1110.715335,-5.5264633017554,0.6730775875692,6.7363957819157,-5.5264633017554,0.6730775875692,6.7363957819157
2880.0,4235591.358,-63706.27046,-5260276.408,-751.4798906,7615.715998,-704.2872544,-5.4801589992818,0.0824254423644,6.8059330236609,-5.4801589992818,0.0824254423644,6.8059330236609
2940.0,4180677.581,393030.3737,-5290255.524,-1078.260709,7602.929683,-294.6389071,-5.4083019955266,-0.5084407762023,6.8436991256185,-5.4083019955266,-0.5084407762023,6.8436991256185
3000.0,4106301.479,847937.3972,-5295606.904,-1399.972022,7554.754177,116.3179467,-5.3112440086394,-1.0967539629832,6.8495361533458,-5.3112440086394,-1.0967539629832,6.8495361533458
3060.0,4012812.32,1298897.698,-5276309.537,-1715.115288,7471.425323,526.6665948,-5.1894552002222,-1.6797624401642,6.8234369758125,-5.1894552002222,-1.6797624401642,6.8234369758125
3120.0,3900648.368,1743813.264,-5232457.338,-2022.223666,7353.343272,934.4944147,-5.0435216311998,-2.2547430802154,6.7655449235013,-5.0435216311998,-2.2547430802154,6.7655449235013
3180.0,3770334.774,2180614.968,-5164258.629,-2319.868884,7201.070383,1337.901872,-4.8741421610604,-2.8190142227574,6.6761527090354,-4.8741421610604,-2.8190142227574,6.6761527090354
3240.0,3622481.061,2607272.223,-5072035.091,-2606.66789,7015.328355,1735.011434,-4.6821248119954,-3.369948320519,6.5557006231804,-4.6821248119954,-3.369948320519,6.5557006231804
3300.0,3457778.218,3021802.435,-4956220.176,-2881.289289,6796.994606,2123.976351,-4.4683826221364,-3.9049842523056,6.4047740229825,-4.4683826221364,-3.9049842523056,6.4047740229825
3360.0,3276995.412,3422280.22,-4817357.001,-3142.459505,6547.09793,2502.989268,-4.2339290145085,-4.4216392439925,6.2241001324851,-4.2339290145085,-4.4216392439925,6.2241001324851
3420.0,3080976.345,3806846.337,-4656095.733,-3388.96865,6266.81345,2870.290625,-3.9798727104745,-4.9175203419441,6.0145441798814,-3.9798727104745,-4.9175203419441,6.0145441798814
3480.0,2870635.258,4173716.303,-4473190.472,-3619.676083,5957.456893,3224.176807,-3.7074122183318,-5.3903353869092,5.7771048980938,-3.7074122183318,-5.3903353869092,5.7771048980938
3540.0,2646952.626,4521188.637,-4269495.663,-3833.515622,5620.478233,3563.007997,-3.4178299293371,-5.8379034402941,5.5129094186085,-3.4178299293371,-5.8379034402941,5.5129094186085
3600.0,2410970.535,4847652.714,-4045962.034,-4029.500386,5257.454715,3885.215723,-3.1124858547728,-6.2581646187261,5.2232075909303,-3.1124858547728,-6.2581646187261,5.2232075909303
3660.0,2163787.796,5151596.171,-3803632.102,-4206.727261,4870.083312,4189.310026,-2.7928110387428,-6.6491892969543,4.9093657622417,-2.7928110387428,-6.6491892969543,4.9093657622417
3720.0,1906554.788,5431611.857,-3543635.254,-4364.380957,4460.172655,4473.886259,-2.4603006821929,-7.0091866433296,4.5728600537645,-2.4603006821929,-7.0091866433296,4.5728600537645
3780.0,1640468.084,5686404.276,-3267182.437,-4501.737639,4029.634461,4737.631457,-2.1165070142086,-7.3365124563354,4.2152691719276,-2.1165070142086,-7.3365124563354,4.2152691719276
3840.0,1366764.86,5914795.501,-2975560.475,-4618.168139,3580.47452,4979.330265,-1.7630319469637,-7.6296762748615,3.8382667937479,-1.7630319469637,-7.6296762748615,3.8382667937479
3900.0,1086717.133,6115730.542,-2670126.05,-4713.1407,3114.783279,5197.870397,-1.4015195507834,-7.8873477390801,3.4436135668478,-1.4015195507834,-7.8873477390801,3.4436135668478
3960.0,801625.8435,6288282.132,-2352299.361,-4786.223289,2634.726059,5392.247609,-1.033648385677,-8.108362182877,3.0331487652732,-1.033648385677,-8.108362182877,3.0331487652732
4020.0,512814.8161,6431654.916,-2023557.508,-4837.085422,2142.532971,5561.570156,-0.6611237253904,-8.2917254427764,2.608781642758,-0.6611237253904,-8.2917254427764,2.608781642758
4080.0,221624.6224,6545189.032,-1685427.622,-4865.49954,1640.488556,5705.062727,-0.2856697095576,-8.4366178721449,2.172482525321,-0.2856697095576,-8.4366178721449,2.172482525321
4140.0,-70593.62403,6628363.062,-1339479.772,-4871.3419,1130.921216,5822.069832,0.0909785410916,-8.5423975531633,1.7262736851063,0.0909785410916,-8.5423975531633,1.7262736851063
4200.0,-362484.5109,6680796.336,-987319.6913,-4854.592998,616.192476,5912.058648,0.4670828122617,-8.6086027025834,1.2722200372009,0.4670828122617,-8.6086027025834,1.2722200372009
4260.0,-652694.5832,6702250.599,-630581.3426,-4815.337521,98.68612018,5974.621285,0.8409096530165,-8.6349532706397,0.8124197008109,0.8409096530165,-8.6349532706397,0.8124197008109
4320.0,-939878.5805,6692631.02,-270919.3707,-4753.763822,-419.2027376,6009.476503,1.2107381697063,-8.6213517356503,0.3489944656757,1.2107381697063,-8.6213517356503,0.3489944656757
4380.0,-1222705.631,6651986.537,89998.53449,-4670.16294,-935.0786098,6016.470837,1.5748677255326,-8.5678830998191,-0.1159197960363,1.5748677255326,-8.5678830998191,-0.1159197960363
4440.0,-1499865.369,6580509.559,450499.3239,-4564.927156,-1446.556567,5995.579157,1.9316255154612,-8.4748140945382,-0.5801827328521,1.9316255154612,-8.4748140945382,-0.5801827328521
4500.0,-1770073.959,6478534.999,808912.2916,-4438.548096,-1951.273098,5946.904651,2.2793739873173,-8.3425916060935,-1.0416590934709,2.2793739873173,-8.3425916060935,-1.0416590934709
4560.0,-2032079.985,6346538.671,1163576.759,-4291.614402,-2446.896853,5870.678228,2.6165180810382,-8.1718403351078,-1.498228244828,2.6165180810382,-8.1718403351078,-1.498228244828
4620.0,-2284670.192,6185135.04,1512849.707,-4124.808967,-2931.139223,5767.257363,2.9415122592155,-7.9633597053146,-1.9477935919336,2.9415122592155,-7.9633597053146,-1.9477935919336
4680.0,-2526675.047,5995074.344,1855113.318,-3938.905761,-3401.764712,5637.12437,3.2528673032206,-7.7181200393716,-2.3882918636627,3.2528673032206,-7.7181200393716,-2.3882918636627
4740.0,-2756974.101,5777239.106,2188782.407,-3734.766252,-3856.60106,5480.884136,3.5491568503588,-7.4372580213899,-2.8177022296866,3.5491568503588,-7.4372580213899,-2.8177022296866
4800.0,-2974501.119,5532640.039,2512311.685,-3513.33545,-4293.549067,5299.261295,3.8290236486418,-7.1220714677136,-3.2340552147568,3.8290236486418,-7.1220714677136,-3.2340552147568
4860.0,-3178248.964,5262411.379,2824202.856,-3275.637574,-4710.592094,5093.096898,4.0911855068942,-6.774013429223,-3.6354413775848,4.0911855068942,-6.774013429223,-3.6354413775848
4920.0,-3367274.215,4967805.654,3123011.481,-3022.771383,-5105.805178,4863.344544,4.334440919023,-6.3946856501013,-4.0200197225819,4.334440919023,-6.3946856501013,-4.0200197225819
4980.0,-3540701.487,4650187.92,3407353.609,-2755.905172,-5477.363743,4611.066039,4.557674342369,-5.9858314095916,-4.3860258137473,4.557674342369,-5.9858314095916,-4.3860258137473
5040.0,-3697727.447,4311029.491,3675912.121,-2476.271466,-5823.551865,4337.426562,4.7598611111458,-5.549327774807,-4.7317795610048,4.7598611111458,-5.549327774807,-4.7317795610048
5100.0,-3837624.501,3951901.178,3927442.781,-2185.161431,-6142.770051,4043.689379,4.9400719670366,-5.0871772941604,-5.0556926503011,4.9400719670366,-5.0871772941604,-5.0556926503011
5160.0,-3959744.14,3574466.086,4160779.948,-1883.91902,-6433.542507,3731.210126,5.0974771900919,-4.6014991624565,-5.3562755897872,5.0974771900919,-4.6014991624565,-5.3562755897872
5220.0,-4063519.922,3180471.99,4374841.939,-1573.93489,-6694.523855,3401.430676,5.2313503141392,-4.0945198901543,-5.6321443454247,5.2313503141392,-4.0945198901543,-5.6321443454247
5280.0,-4148470.091,2771743.317,4568636.008,-1256.640105,-6924.505286,3055.872624,5.341071412002,-3.5685635107813,-5.8820265403913,5.341071412002,-3.5685635107813,-5.8820265403913
5340.0,-4214199.803,2350172.786,4741262.927,-933.4996561,-7122.420104,2696.130414,5.426129936929,-3.0260413619531,-6.1047671937186,5.426129936929,-3.0260413619531,-6.1047671937186
5400.0,-4260402.968,1917712.731,4891921.138,-606.0058251,-7287.348646,2323.864134,5.4861271077763,-2.4694414769426,-6.2993339746935,5.4861271077763,-2.4694414769426,-6.2993339746935
5460.0,-4286863.682,1476366.145,5019910.472,-275.6714186,-7418.522561,1940.792012,5.5207778266633,-1.9013176252498,-6.4648219507013,5.5207778266633,-1.9013176252498,-6.4648219507013
5520.0,-4293457.252,1028177.49,5124635.406,55.97709852,-7515.328414,1548.682644,5.5299121190627,-1.32427804214,-6.6004578073995,5.5299121190627,-1.32427804214,-6.6004578073995
5580.0,-4280150.811,575223.3147,5205607.841,387.4065418,-7577.310611,1149.346982,5.5134760875829,-0.7409738886477,-6.7056035214031,5.5134760875829,-0.7409738886477,-6.7056035214031
5640.0,-4247003.511,119602.7083,5262449.403,717.083988,-7604.173622,744.6301221,5.4715323720771,-0.154087485075,-6.7797594670447,5.4715323720771,-0.154087485075,-6.7797594670447
5700.0,-4194166.296,-336572.3488,5294893.237,1043.483769,-7595.78349,336.4029222,5.404260110174,0.4336796374677,-6.8225669402602,5.404260110174,0.4336796374677,-6.8225669402602
5760.0,-4121881.255,-791186.7076,5302785.303,1365.094446,-7552.168628,-73.44651605,5.3119543938747,1.019618821431,-6.8338100842659,5.3119543938747,1.019618821431,-6.8338100842659
5820.0,-4030480.568,-1242131.798,5286085.145,1680.425742,-7473.519876,-483.0214589,5.1950252195144,1.6010264556045,-6.813417203428,5.1950252195144,1.6010264556045,-6.813417203428
5880.0,-3920385.023,-1687315.36,5244866.157,1988.015387,-7360.189834,-890.4252145,5.0539959301374,2.1752161874051,-6.7614614536161,5.0539959301374,2.1752161874051,-6.7614614536161
5940.0,-3792102.133,-2124671.106,5179315.314,2286.435862,-7212.691461,-1293.769829,4.8895011512022,2.7395311244699,-6.6781608993653,4.8895011512022,2.7395311244699,-6.6781608993653
6000.0,-3646223.858,-2552168.289,5089732.389,2574.301003,-7031.695941,-1691.184767,4.702284222497,3.291355974145,-6.5638779303665,4.702284222497,3.291355974145,-6.5638779303665
6060.0,-3483423.923,-2967821.106,4976528.648,2850.27243,-6818.029828,-2080.825537,4.4931941312282,3.8281290684011,-6.4191180321636,4.4931941312282,3.8281290684011,-6.4191180321636
6120.0,-3304454.768,-3369697.925,4840225.035,3113.065784,-6572.67147,-2460.882223,4.2631819534194,4.3473542208073,-6.2445279084519,4.2631819534194,4.3473542208073,-6.2445279084519
6180.0,-3110144.121,-3755930.26,4681449.836,3361.456735,-6296.746729,-2829.587888,4.0132968130358,4.8466123614926,-6.0408929550583,4.0132968130358,4.8466123614926,-6.0408929550583
6240.0,-2901391.226,-4124721.481,4500935.863,3594.286729,-5991.524014,-3185.226801,3.7446813706095,5.3235728955458,-5.8091340885187,3.7446813706095,5.3235728955458,-5.8091340885187
6300.0,-2679162.73,-4474355.201,4299517.13,3810.468456,-5658.408638,-3526.142458,3.4585668555785,5.776004730081,-5.5503039351525,3.4585668555785,5.776004730081,-5.5503039351525
6360.0,-2444488.249,-4803203.301,4078125.073,4008.991001,-5298.936529,-3850.745354,3.1562676590452,6.2017869152563,-5.2655823896576,3.1562676590452,6.2017869152563,-5.2655823896576
6420.0,-2198455.644,-5109733.565,3837784.298,4188.924663,-4914.767311,-4157.520472,2.8391755062013,6.5989188448975,-4.9562715554839,2.8391755062013,6.5989188448975,-4.9562715554839
6480.0,-1942206.008,-5392516.88,3579607.898,4349.425411,-4507.676789,-4445.034445,2.5087532302234,6.9655299630903,-4.6237900825879,2.5087532302234,6.9655299630903,-4.6237900825879
6540.0,-1676928.401,-5650233.965,3304792.348,4489.738952,-4079.548869,-4711.942371,2.1665281720062,7.2998889241578,-4.2696669215829,2.1665281720062,7.2998889241578,-4.2696669215829
6600.0,-1403854.36,-5881681.604,3014612.002,4609.204397,-3632.366949,-4956.99422,1.8140852326325,7.6004121548853,-3.8955345167695,1.8140852326325,7.6004121548853,-3.8955345167695
6660.0,-1124252.187,-6085778.341,2710413.218,4707.257495,-3168.204805,-5179.040834,1.4530596079703,7.8656717696794,-3.5031214640197,1.4530596079703,7.8656717696794,-3.5031214640197
6720.0,-839421.0717,-6261569.621,2393608.136,4783.433429,-2689.217035,-5377.039461,1.0851292371913,8.0944027915826,-3.0942446629678,1.0851292371913,8.0944027915826,-3.0942446629678
6780.0,-550685.0491,-6408232.341,2065668.145,4837.369146,-2197.629084,-5550.058803,0.7120069993104,8.2855096347037,-2.6708009963957,0.7120069993104,8.2855096347037,-2.6708009963957
6840.0,-259386.8372,-6525078.793,1728117.052,4868.805214,-1695.726907,-5697.283559,0.335432694013,8.4380718066719,-2.2347585730601,0.335432694013,8.4380718066719,-2.2347585730601
6900.0,33118.42411,-6611559.975,1382523.999,4877.587191,-1185.846309,-5818.018422,-0.0428351549557,8.5513487931753,-1.7881475734452,-0.0428351549557,8.5513487931753,-1.7881475734452
6960.0,325469.5015,-6667268.258,1030496.161,4863.666501,-670.3620252,-5911.69152,-0.4210276337554,8.6247840904858,-1.3330507410125,-0.4210276337554,8.6247840904858,-1.3330507410125
7020.0,616305.4333,-6691939.384,673671.2487,4827.100805,-151.6765799,-5977.85728,-0.7973738680878,8.6580083560923,-0.8715935644126,-0.7973738680878,8.6580083560923,-0.8715935644126
7080.0,904271.9027,-6685453.801,313709.861,4768.05386,367.7910159,-6016.198687,-1.1701095054771,8.6508416521333,-0.4059341987863,-1.1701095054771,8.6508416521333,-0.4059341987863
7140.0,1188027.586,-6647837.305,-47712.28313,4686.79488,885.6166721,-6026.528942,-1.5374852060859,8.6032947612148,0.0617468233178,-1.5374852060859,8.6032947612148,0.0617468233178
7200.0,1466250.449,-6579261.005,-408912.1899,4583.697376,1399.382679,-6008.792484,-1.8977750971676,8.5155695593803,0.5292570387855,-1.8977750971676,8.5155695593803,0.5292570387855
7260.0,1737643.957,-6480040.594,-768207.481,4459.237496,1906.68916,-5963.065397,-2.2492851457804,8.3880584364323,0.9944026041481,-2.2492851457804,8.3880584364323,0.9944026041481
7320.0,2000943.169,-6350634.937,-1123924.288,4313.99187,2405.165461,-5889.555172,-2.5903614042321,8.2213427594388,1.4549988933674,-2.5903614042321,8.2213427594388,1.4549988933674
7380.0,2254920.692,-6191643.98,-1474405.113,4148.634961,2892.48142,-5788.599834,-2.9193980829086,8.0161903810518,1.9088810863808,-2.9193980829086,8.0161903810518,1.9088810863808
7440.0,2498392.461,-6003805.986,-1818016.622,3963.935935,3366.358458,-5660.666444,-3.2348454056673,7.7735522001555,2.3539146909786,-3.2348454056673,7.7735522001555,2.3539146909786
7500.0,2730223.31,-5787994.115,-2153157.322,3760.755075,3824.580431,-5506.348957,-3.5352172038523,7.4945577883075,2.7880059404011,-3.5352172038523,7.4945577883075,2.7880059404011
7560.0,2949332.325,-5545212.354,-2478265.097,3540.039744,4265.004202,-5326.36548,-3.8190982062122,7.1805101013639,3.2091120092839,-3.8190982062122,7.1805101013639,3.2091120092839
7620.0,3154697.937,-5276590.835,-2791824.56,3302.819918,4685.569861,-5121.55491,-4.0851509835659,6.8328793015458,3.6152509912718,-4.0851509835659,6.8328793015458,3.6152509912718
7680.0,3345362.732,-4983380.539,-3092374.184,3050.203319,5084.310549,-4892.872988,-4.3321225089608,6.4532957209388,4.0045115827447,-4.3321225089608,6.4532957209388,4.0045115827447
7740.0,3520437.96,-4666947.431,-3378513.181,2783.370164,5459.361838,-4641.387782,-4.5588502962827,6.0435420029672,4.3750624186675,-4.5588502962827,6.0435420029672,4.3750624186675
7800.0,3679107.722,-4328766.048,-3648908.091,2503.567559,5808.970613,-4368.274616,-4.7642680827913,5.6055444636927,4.7251610085591,-4.7642680827913,5.6055444636927,4.7251610085591
7860.0,3820632.803,-3970412.562,-3902299.052,2212.10357,6131.503417,-4074.810487,-4.9474110238497,5.1413637197994,5.0531622229799,-4.9474110238497,5.1413637197994,5.0531622229799
7920.0,3944354.146,-3593557.368,-4137505.722,1910.34099,6425.454208,-3762.367976,-5.1074203711564,4.6531846347891,5.3575262837153,-5.1074203711564,4.6531846347891,5.3575262837153
7980.0,4049695.943,-3199957.221,-4353432.819,1599.690852,6689.451498,-3432.408704,-5.2435476090557,4.1433056391829,5.6368262139839,-5.2435476090557,4.1433056391829,5.6368262139839
8040.0,4136168.325,-2791446.965,-4549075.255,1281.6057,6922.264834,-3086.476353,-5.3551580269535,3.6141274843608,5.8897547084691,-5.3551580269535,3.6141274843608,5.8897547084691
8100.0,4203369.651,-2369930.894,-4723522.842,957.5726724,7122.810581,-2726.189294,-5.4417337094772,3.0681414930322,6.1151303867441,-5.4417337094772,3.0681414930322,6.1151303867441
8160.0,4250988.368,-1937373.786,-4875964.544,629.1064148,7290.157001,-2353.232862,-5.5028759297415,2.5079173721959,6.3119033976854,-5.5028759297415,2.5079173721959,6.3119033976854
8220.0,4278804.446,-1495791.658,-5005692.25,297.7418762,7423.528574,-1969.351312,-5.5383069348927,1.9360906567856,6.4791603467022,-5.5383069348927,1.9360906567856,6.4791603467022
8280.0,4286690.382,-1047242.278,-5112104.068,-34.97298942,7522.309568,-1576.339503,-5.5478711169537,1.3553498539943,6.6161285220243,-5.5478711169537,1.3553498539943,6.6161285220243
8340.0,4274611.754,-593815.4941,-5194707.101,-367.4845716,7586.046823,-1176.034345,-5.5315355658458,0.7684233595207,6.7221794008155,-5.5315355658458,0.7684233595207,6.7221794008155
8400.0,4242627.344,-137623.416,-5253119.71,-698.2409661,7614.451748,-770.3060631,-5.4893900052883,0.1780662176749,6.7968314204938,-5.4893900052883,0.1780662176749,6.7968314204938
8460.0,4190888.81,319209.5018,-5287073.249,-1025.699316,7607.401523,-361.0493152,-5.4216461160296,-0.4129532025706,6.8397520052816,-5.4216461160296,-0.4129532025706,6.8397520052816
8520.0,4119639.933,774556.4202,-5296413.257,-1348.333092,7564.939495,49.82579009,-5.3286362545143,-1.0018665438839,6.850758842636,-5.3286362545143,-1.0018665438839,6.850758842636
8580.0,4029215.411,1226298.078,-5281100.119,-1664.639283,7487.27478,460.4027281,-5.2108115786063,-1.5859187384385,6.8298204087844,-5.2108115786063,-1.5859187384385,6.8298204087844
8640.0,3920039.244,1672332.705,-5241209.178,-1973.14545,7374.781071,868.7676029,-5.0687395953379,-2.1623811579451,6.7770557470601,-5.0687395953379,-2.1623811579451,6.7770557470601
8700.0,3792622.687,2110585.846,-5176930.307,-2272.416623,7227.99466,1273.018156,-4.9031011488143,-2.72856456832,6.6927335070713,-4.9031011488143,-2.72856456832,6.6927335070713
8760.0,3647561.799,2539020.029,-5088566.94,-2561.061993,7047.611694,1671.272695,-4.7146868693461,-3.2818318237544,6.5772702568931,-4.7146868693461,-3.2818318237544,6.5772702568931
8820.0,3485534.605,2955644.266,-4976534.576,-2837.741382,6834.484674,2061.678902,-4.5043931075937,-3.8196102376377,6.431228084429,-4.5043931075937,-3.8196102376377,6.431228084429
8880.0,3307297.862,3358523.303,-4841358.755,-3101.171454,6589.618232,2442.422473,-4.2732173799689,-4.3394035708248,6.255311507805,-4.2732173799689,-4.3394035708248,6.255311507805
8940.0,3113683.474,3745786.608,-4683672.525,-3350.131634,6314.164186,2811.735558,-4.0222533537369,-4.8388035810827,6.0503637181195,-4.0222533537369,-4.8388035810827,6.0503637181195
9000.0,2905594.557,4115637.031,-4504213.404,-3583.469715,6009.415934,3167.904948,-3.7526854021944,-5.3155010811623,5.8173621810537,-3.7526854021944,-5.3155010811623,5.8173621810537
9060.0,2684001.174,4466359.124,-4303819.865,-3800.107129,5676.802188,3509.279987,-3.4657827619551,-5.7672964567589,5.5574136267318,-3.4657827619551,-5.7672964567589,5.5574136267318
9120.0,2449935.771,4796327.046,-4083427.354,-3999.043856,5317.8801,3834.280162,-3.1628933257611,-6.1921095996196,5.271748459806,-3.1628933257611,-6.1921095996196,5.271748459806
9180.0,2204488.322,5104012.057,-3844063.862,-4179.362944,4934.327809,4141.402345,-2.8454371053489,-6.587989215167,4.9617146240138,-2.8454371053489,-6.587989215167,4.9617146240138
9240.0,1948801.226,5387989.532,-3586845.071,-4340.234635,4527.93645,4429.227643,-2.5148993997542,-6.9531214682008,4.6287709574165,-2.5148993997542,-6.9531214682008,4.6287709574165
9300.0,1684063.954,5646945.498,-3312969.111,-4480.920073,4100.601662,4696.427844,-2.1728237050337,-7.2858379344643,4.2744800761825,-2.1728237050337,-7.2858379344643,4.2744800761825
9360.0,1411507.501,5879682.63,-3023710.931,-4600.774575,3654.314648,4941.771418,-1.8208044017411,-7.5846228300865,3.9005008261333,-1.8208044017411,-7.5846228300865,3.9005008261333
9420.0,1132398.644,6085125.709,-2720416.331,-4699.250458,3191.152811,5164.129058,-1.4604792566213,-7.8481194950909,3.5085803423288,-1.4604792566213,-7.8481194950909,3.5085803423288
9480.0,848034.0516,6262326.504,-2404495.678,-4775.899418,2713.270036,5362.478724,-1.0935217749086,-8.0751361112675,3.1005457577547,-1.0935217749086,-8.0751361112675,3.1005457577547
9540.0,559734.2608,6410468.063,-2077417.325,-4830.374438,2222.886649,5535.91019,-0.7216334393401,-8.2646506387095,2.678295602696,-0.7216334393401,-8.2646506387095,2.678295602696
9600.0,268837.5526,6528868.388,-1740700.786,-4862.431236,1722.279097,5683.629065,-0.3465358715512,-8.4158149591891,2.2437909366608,-0.3465358715512,-8.4158149591891,2.2437909366608
9660.0,-23306.24198,6616983.489,-1395909.673,-4871.929232,1213.76941,5804.960269,0.0300370490807,-8.527958218272,1.799046254774,0.0300370490807,-8.527958218272,1.799046254774
9720.0,-315341.9822,6674409.797,-1044644.447,-4858.832051,699.7144886,5899.350962,0.4063470748082,-8.6005893616291,1.3461202104151,0.4063470748082,-8.6005893616291,1.3461202104151
9780.0,-605915.4723,6700885.933,-688535.0161,-4823.207545,182.495256,5966.372916,0.7806594536116,-8.6333988643857,0.8871061955521,0.7806594536116,-8.6333988643857,0.8871061955521
9840.0,-893679.7052,6696293.82,-329233.1938,-4765.227352,-335.494264,6005.724307,1.1512507354727,-8.6262596555426,0.424122819739,1.1512507354727,-8.6262596555426,0.424122819739
9900.0,-1177301.063,6660659.144,31594.92007,-4685.165987,-851.8579022,6017.230947,1.5164164892873,-8.5792272425142,-0.0406956718675,1.5164164892873,-8.5792272425142,-0.0406956718675
9960.0,-1455465.454,6594151.15,392276.6211,-4583.399466,-1364.208282,6000.846932,1.8744788999512,-8.4925390436406,-0.5052090018471,1.8744788999512,-8.4925390436406,-0.5052090018471
10020.0,-1726884.345,6497081.79,751140.3025,-4460.403491,-1870.177696,5956.654714,2.2237942162702,-8.3666129391723,-0.9672804464032,2.2237942162702,-8.3666129391723,-0.9672804464032
10080.0,-1990300.683,6369904.219,1106523.144,-4316.751186,-2367.428868,5884.864605,2.5627600214821,-8.2020450536758,-1.4247863658835,2.5627600214821,-8.2020450536758,-1.4247863658835
10140.0,-2244494.657,6213210.65,1456778.756,-4153.110401,-2853.665566,5785.813707,2.8898222993372,-7.9996067851015,-1.8756256429642,2.8898222993372,-7.9996067851015,-1.8756256429642
10200.0,-2488289.292,6027729.577,1800284.737,-3970.240603,-3326.643008,5659.964277,3.2034822698419,-7.7602410978883,-2.3177289925135,3.2034822698419,-7.7602410978883,-2.3177289925135
10260.0,-2720555.844,5814322.385,2135450.123,-3768.989365,-3784.17803,5507.90155,3.5023029699249,-7.4850580994733,-2.7490681081576,3.5023029699249,-7.4850580994733,-2.7490681081576
10320.0,-2940218.969,5573979.35,2460722.688,-3550.288464,-4224.158959,5330.331001,3.784915555433,-7.1753299214459,-3.1676646115968,3.784915555433,-7.1753299214459,-3.1676646115968
10380.0,-3146261.651,5307815.064,2774596.06,-3315.149615,-4644.555171,5128.075093,4.0500253019902,-6.8324849283467,-3.571598771746,4.0500253019902,-6.8324849283467,-3.571598771746
10440.0,-3337729.858,5017063.297,3075616.633,-3064.659847,-5043.42627,4902.069504,4.2964172833686,-6.4581012787859,-3.9590179618009,4.2964172833686,-6.4581012787859,-3.9590179618009
10500.0,-3513736.919,4703071.314,3362390.23,-2799.976559,-5418.930868,4653.358847,4.522961707119,-6.0538998651543,-4.3281448233518,4.522961707119,-6.0538998651543,-4.3281448233518
10560.0,-3673467.585,4367293.681,3633588.503,-2522.322258,-5769.334923,4383.091924,4.7286188882864,-5.6217366597459,-4.6772851076818,4.7286188882864,-5.6217366597459,-4.6772851076818
10620.0,-3816181.775,4011285.592,3887955.029,-2232.979012,-6093.0196,4092.516512,4.9124438431131,-5.163594496616,-5.0048351653991,4.9124438431131,-5.163594496616,-5.0048351653991
10680.0,-3941217.972,3636695.728,4124311.079,-1933.28264,-6388.488621,3782.973706,5.0735904856972,-4.6815743199795,-5.3092890565617,5.0735904856972,-4.6815743199795,-5.3092890565617
10740.0,-4047996.272,3245258.699,4341561.039,-1624.616667,-6654.375079,3455.891862,5.2113154116438,-4.1778859314223,-5.5892452544696,5.2113154116438,-4.1778859314223,-5.5892452544696
10800.0,-4136021.056,2838787.09,4538697.455,-1308.406054,-6889.44768,3112.780134,5.3249812538295,-3.6548382696662,-5.8434129173312,5.3249812538295,-3.6548382696662,-5.8434129173312
10860.0,-4204883.286,2419163.153,4714805.676,-986.1107503,-7092.616386,2755.221661,5.4140595965023,-3.1148292581032,-6.0706177030633,5.4140595965023,-3.1148292581032,-6.0706177030633
10920.0,-4254262.404,1988330.177,4869068.079,-659.2190779,-7262.937441,2384.866412,5.4781334350694,-2.560335256802,-6.2698071035742,5.4781334350694,-2.560335256802,-6.2698071035742
10980.0,-4283927.837,1548283.578,5000767.862,-329.2409864,-7399.617753,2003.423731,5.5168991701016,-1.9939001571902,-6.4400552760206,5.5168991701016,-1.9939001571902,-6.4400552760206
11040.0,-4293740.083,1101061.741,5109292.369,2.298799987,-7502.018609,1612.654602,5.5301681253104,-1.4181241591374,-6.5805673497238,5.5301681253104,-1.4181241591374,-6.5805673497238
11100.0,-4283651.398,648736.6667,5194135.955,333.8677113,-7569.65871,1214.363678,5.5178675805396,-0.8356522716859,-6.690683188714,5.5178675805396,-0.8356522716859,-6.690683188714
11160.0,-4253706.048,193404.4497,5254902.359,663.9323078,-7602.21651,810.3910938,5.4800413121785,-0.2491625802115,-6.7698805912324,5.4800413121785,-0.2491625802115,-6.7698805912324
11220.0,-4204040.162,-262824.3568,5291306.586,990.9652736,-7599.531842,402.6041152,5.4168496348503,0.3386456756827,-6.8177779089969,5.4168496348503,0.3386456756827,-6.8177779089969
11280.0,-4134881.146,-717834.4559,5303176.276,1313.452397,-7561.606826,-7.111364199,5.3285689397612,0.9250641677314,-6.8341360706235,5.3285689397612,0.9250641677314,-6.8341360706235
11340.0,-4046546.693,-1169515.553,5290452.569,1629.899511,-7488.606054,-416.8594201,5.2155907267349,1.5073876407624,-6.8188599953173,5.2155907267349,1.5073876407624,-6.8188599953173
11400.0,-3939443.372,-1615772.09,5253190.445,1938.839353,-7380.85603,-824.7427644,5.078420128692,2.0829261219645,-6.7719993848076,5.078420128692,2.0829261219645,-6.7719993848076
11460.0,-3814064.814,-2054532.929,5191558.542,2238.838333,-7238.843899,-1228.87144,4.9176739291791,2.6490171276653,-6.6937488835118,4.9176739291791,2.6490171276653,-6.6937488835118
11520.0,-3670989.487,-2483760.927,5105838.461,2528.503152,-7063.21542,-1627.371507,4.734078075506,3.2030378163993,-6.5844475990828,4.734078075506,3.2030378163993,-6.5844475990828
11580.0,-3510878.085,-2901462.383,4996423.541,2806.487274,-6854.772238,-2018.393679,4.5284646921056,3.7424170359553,-6.4445779778242,4.5284646921056,3.7424170359553,-6.4445779778242
11640.0,-3334470.538,-3305696.284,4863817.126,3071.497188,-6614.468414,-2400.121874,4.3017686009005,4.2646472111699,-6.274764031952,4.3017686009005,4.2646472111699,-6.274764031952
11700.0,-3142582.639,-3694583.331,4708630.318,3322.298453,-6343.406265,-2770.781638,4.0550233577113,4.7672960184938,-6.0757689183355,4.0550233577113,4.7672960184938,-6.0757689183355
11760.0,-2936102.335,-4066314.692,4531579.228,3557.721498,-6042.831506,-3128.648407,3.7893568160997,5.248017792844,-5.8484918711652,3.7893568160997,5.248017792844,-5.8484918711652
11820.0,-2715985.658,-4419160.443,4333481.745,3776.667127,-5714.127711,-3472.055561,3.5059862324563,5.7045646119866,-5.5939644939564,3.5059862324563,5.7045646119866,-5.5939644939564
11880.0,-2483252.353,-4751477.658,4115253.819,3978.111733,-5358.81013,-3799.40224,3.2062129286356,6.1347970037065,-5.3133464193951,3.2062129286356,6.1347970037065,-5.3133464193951
11940.0,-2238981.19,-5061718.107,3877905.291,4161.112163,-4978.51887,-4109.160883,2.8914165309693,6.5366942213368,-5.0079203487567,2.8914165309693,6.5366942213368,-5.0079203487567
12000.0,-1984305.0,-5348435.527,3622535.273,4324.810241,-4575.011475,-4399.884443,2.5630488070498,6.9083640338701,-4.6790864859503,2.5630488070498,6.9083640338701,-4.6790864859503
12060.0,-1720405.452,-5610292.433,3350327.115,4468.436897,-4150.154933,-4670.213259,2.2226271242358,7.2480519778761,-4.3283563846504,2.2226271242358,7.2480519778761,-4.3283563846504
12120.0,-1448507.59,-5846066.432,3062542.96,4591.3159,-3705.917151,-4918.881536,1.8717275563737,7.5541500198242,-3.9573462304328,1.8717275563737,7.5541500198242,-3.9573462304328
12180.0,-1169874.164,-6054656.008,2760517.929,4692.867165,-3244.357922,-5144.72341,1.511977667725,7.8252045791784,-3.5677695833275,1.511977667725,7.8252045791784,-3.5677695833275
12240.0,-885799.7739,-6235085.75,2445653.959,4772.609618,-2767.619433,-5346.678559,1.1450490055122,8.0599238647954,-3.1614296096778,1.1450490055122,8.0599238647954,-3.1614296096778
12300.0,-597604.8486,-6386511.006,2119413.307,4830.163605,-2277.916361,-5523.797333,0.7726493348192,8.2571844797316,-2.740210835644,0.7726493348192,8.2571844797316,-2.740210835644
12360.0,-306629.5066,-6508221.924,1783311.773,4865.252823,-1777.525586,-5675.24538,0.3965146517708,8.4160372525467,-2.3060704580613,0.3965146517708,8.4160372525467,-2.3060704580613
12420.0,-14227.30568,-6599646.865,1438911.657,4877.705775,-1268.775584,-5800.307731,0.0184010129547,8.5357122565793,-1.8610292516226,0.0184010129547,8.5357122565793,-1.8610292516226
12480.0,278241.0755,-6660355.174,1087814.484,4867.45672,-754.0355406,-5898.392339,-0.3599237791098,8.6156229824481,-1.4071621144689,-0.3599237791098,8.6156229824481,-1.4071621144689
12540.0,569414.1991,-6690059.293,731653.5402,4834.546125,-235.7042484,-5969.033026,-0.7366885930161,8.655369633194,-0.9465882971999,-0.7366885930161,8.655369633194,-0.9465882971999
12600.0,857936.2418,-6688616.196,372086.2448,4779.120618,283.8011778,-6011.891854,-1.110127445201,8.6547415159934,-0.481461363018,-1.110127445201,8.6547415159934,-0.481461363018
12660.0,1142463.35,-6656028.153,10786.40141,4701.432415,802.0566932,-6026.76087,-1.4784879924056,8.6137185092134,-0.0139589291645,-1.4784879924056,8.6137185092134,-0.0139589291645
12720.0,1421669.944,-6592442.792,-350563.6388,4601.838253,1316.642778,-6013.563239,-1.8400399950796,8.5324715887226,0.4537277580473,-1.8400399950796,8.5324715887226,0.4537277580473
12780.0,1694254.947,-6498152.497,-710280.8623,4480.79781,1825.155897,-5972.353746,-2.1930837064047,8.4113624027609,0.9194043604702,-2.1930837064047,8.4113624027609,0.9194043604702
12840.0,1958947.901,-6373593.093,-1066689.489,4338.871629,2325.219901,-5903.318667,-2.5359581414129,8.2509418902793,1.380884042043,-2.5359581414129,8.2509418902793,1.380884042043
12900.0,2214514.941,-6219341.874,-1418128.844,4176.718542,2814.497319,-5806.774996,-2.8670491807964,8.0519479434309,1.8359980627119,-2.8670491807964,8.0519479434309,1.8359980627119
12960.0,2459764.608,-6036114.94,-1762961.158,3995.092629,3290.700483,-5683.169045,-3.1847974644839,7.8153021207735,2.282606315001,-3.1847974644839,7.8153021207735,2.282606315001
13020.0,2693553.457,-5824763.888,-2099579.273,3794.839693,3751.602426,-5533.074412,-3.4877060308733,7.5421054236833,2.7186077456153,-3.4877060308733,7.5421054236833,2.7186077456153
13080.0,2914791.446,-5586271.841,-2426414.198,3576.893301,4195.047497,-5357.189331,-3.7743476587807,7.233633154416,3.1419506046403,-3.7743476587807,7.233633154416,3.1419506046403
13140.0,3122447.07,-5321748.867,-2741942.497,3342.270384,4618.961644,-5156.333411,-4.0433718706753,6.89132888013,3.5506424655137,-4.0433718706753,6.89132888013,3.5506424655137
13200.0,3315552.223,-5032426.781,-3044693.458,3092.066434,5021.362306,-4931.443781,-4.2935115576151,6.5167975329473,3.9427599600021,-4.2935115576151,6.5167975329473,3.9427599600021
13260.0,3493206.754,-4719653.366,-3333256.009,2827.45031,5400.36787,-4683.570666,-4.5235891884635,6.1117976817102,4.3164581739121,-4.5235891884635,6.1117976817102,4.3164581739121
13320.0,3654582.709,-4384886.051,-3606285.366,2549.658691,5754.206631,-4413.872406,-4.7325225684353,5.6782330164448,4.6699796511823,-4.7325225684353,5.6782330164448,4.6699796511823
13380.0,3798928.222,-4029685.058,-3862509.35,2259.990197,6081.225232,-4123.609949,-4.9193301147693,5.2181430916024,5.0016629563371,-4.9193301147693,5.2181430916024,5.0016629563371
13440.0,3925571.049,-3655706.059,-4100734.367,1959.7992,6379.89652,-3814.140845,-5.0831356203297,4.7336933788766,5.3099507480094,-5.0831356203297,4.7336933788766,5.3099507480094
13500.0,4033921.721,-3264692.389,-4319851.016,1650.489379,6648.826781,-3486.912772,-5.2231724791685,4.2271646847283,5.593397319324,-5.2231724791685,4.2271646847283,5.593397319324
13560.0,4123476.301,-2858466.837,-4518839.288,1333.507029,6886.762333,-3143.456626,-5.3387873515082,3.7009419916596,5.8506755643604,-5.3387873515082,3.7009419916596,5.8506755643604
13620.0,4193818.735,-2438923.059,-4696773.34,1010.334165,7092.595429,-2785.379211,-5.4294432491878,3.1575027857219,6.0805833336364,-5.4294432491878,3.1575027857219,6.0805833336364
13680.0,4244622.789,-2008016.671,-4852825.828,682.4814714,7265.369444,-2414.355567,-5.4947220263267,2.5994049356853,6.2820491455385,-5.4947220263267,2.5994049356853,6.2820491455385
13740.0,4275653.549,-1567756.035,-4986271.755,351.481104,7404.283322,-2032.120973,-5.5343262637592,2.0292741917258,6.4541372248337,-5.5343262637592,2.0292741917258,6.4541372248337
13800.0,4286768.491,-1120192.819,-5096491.842,18.87941044,7508.695274,-1640.462676,-5.5480805396351,1.449791373368,6.5960518437759,-5.5480805396351,1.449791373368,6.5960518437759
13860.0,4277918.116,-667412.3426,-5182975.392,-313.7704146,7578.125681,-1241.211371,-5.5359320824434,0.8636793177634,6.7071409458398,-5.5359320824434,0.8636793177634,6.7071409458398
13920.0,4249146.137,-211523.7846,-5245322.638,-644.915692,7612.259228,-836.2324935,-5.4979508065428,0.2736896601653,6.786899036712,-5.4979508065428,0.2736896601653,6.786899036712
13980.0,4200589.23,245349.7229,-5283246.555,-973.0116052,7610.946228,-427.4173546,-5.4343287340534,-0.3174104812992,6.8349693318106,-5.4343287340534,-0.3174104812992,6.8349693318106
14040.0,4132476.34,701081.0506,-5296574.154,-1296.528494,7574.203154,-16.67417558,-5.3453788106301,-0.9068518447642,6.8511451542388,-5.3453788106301,-0.9068518447642,6.8511451542388
14100.0,4045127.557,1153549.037,-5285247.218,-1613.95906,7502.212363,394.0809435,-5.2315331261808,-1.4918763166914,6.835370581663,-5.2315331261808,-1.4918763166914,6.835370581663
14160.0,3938952.561,1600648.415,-5249322.508,-1923.825446,7395.321037,802.9330691,-5.0933405549695,-2.0697501072147,6.7877403450952,-5.0933405549695,-2.0697501072147,6.7877403450952
14220.0,3814448.646,2040299.647,-5188971.418,-2224.686161,7254.03933,1207.977452,-4.9314638327359,-2.6377767409024,6.7084989869213,-4.9314638327359,-2.6377767409024,6.7084989869213
14280.0,3672198.336,2470458.632,-5104479.099,-2515.142806,7079.037746,1607.328472,-4.7466760914441,-3.1933097973012,6.5980392897077,-4.7466760914441,-3.1933097973012,6.5980392897077
14340.0,3512866.603,2889126.226,-4996243.046,-2793.846586,6871.14376,1999.128468,-4.539856875022,-3.7337653382556,6.4568999913058,-4.539856875022,-3.7337653382556,6.4568999913058
14400.0,3337197.703,3294357.543,-4864771.154,-3059.504559,6631.337707,2381.556409,-4.3119876619557,-4.2566339619786,6.2857628055344,-4.3119876619557,-4.2566339619786,6.2857628055344
14460.0,3146011.64,3684270.982,-4710679.272,-3310.885607,6360.74796,2752.836366,-4.0641469228453,-4.7594924271508,6.0854487712222,-4.0641469228453,-4.7594924271508,6.0854487712222
14520.0,2940200.29,4057056.951,-4534688.243,-3546.826096,6060.645418,3111.245748,-3.7975047430024,-5.2400147938913,5.8569139556179,-3.7975047430024,-5.2400147938913,5.8569139556179
14580.0,2720723.188,4410986.236,-4337620.466,-3766.235205,5732.437355,3455.123256,-3.513317041873,-5.695983032236,5.6012445411139,-3.513317041873,-5.695983032236,5.6012445411139
14640.0,2488603.009,4744417.979,-4120395.988,-3968.099888,5377.660634,3782.876528,-3.2129194224965,-6.125297052724,5.3196513268589,-3.2129194224965,-6.125297052724,5.3196513268589
14700.0,2244920.761,5055807.244,-3884028.145,-4151.489464,4997.974349,4092.989442,-2.8977206853693,-6.5259841177915,5.0134636791611,-2.8977206853693,-6.5259841177915,5.0134636791611
14760.0,1990810.718,5343712.108,-3629618.781,-4315.559808,4595.151919,4384.02903,-2.5691960419761,-6.8962075968513,4.6841229665952,-2.5691960419761,-6.8962075968513,4.6841229665952
14820.0,1727455.107,5606800.273,-3358353.058,-4459.557123,4171.072672,4654.65199,-2.228880063887,-7.2342750321629,4.3331755174289,-2.228880063887,-7.2342750321629,4.3331755174289
14880.0,1456078.591,5843855.161,-3071493.893,-4582.821288,3727.712973,4903.610766,-1.8783594037159,-7.53864548682,3.9622651383878,-1.8783594037159,-7.53864548682,3.9622651383878
14940.0,1177942.553,6053781.451,-2770376.045,-4684.788755,3267.136932,5129.759155,-1.5192653243984,-7.8079361503765,3.5731252348843,-1.5192653243984,-7.8079361503765,3.5731252348843
15000.0,894339.2317,6235610.064,-2456399.871,-4764.995001,2791.486734,5332.057444,-1.153266073201,-8.0409281817482,3.1675705736629,-1.153266073201,-8.0409281817482,3.1675705736629
15060.0,606585.7156,6388502.543,-2131024.802,-4823.076514,2302.972648,5509.577032,-0.7820591366288,-8.2365717730533,2.7474887293796,-0.7820591366288,-8.2365717730533,2.7474887293796
15120.0,316017.8335,6511754.834,-1795762.548,-4858.772312,1803.862752,5661.504538,-0.4073634119836,-8.3939904219474,2.3148312569491,-0.4073634119836,-8.3939904219474,2.3148312569491
15180.0,23983.97004,6604800.44,-1452170.073,-4871.924992,1296.472425,5787.145365,-0.0309113307417,-8.5124844037629,1.8716046315854,-0.0309113307417,-8.5124844037629,1.8716046315854
15240.0,-268161.1687,6667212.939,-1101842.376,-4862.481307,783.1536584,5885.926726,0.3455590317821,-8.5915334383452,1.4198609983467,0.3455590317821,-8.5915334383452,1.4198609983467
15300.0,-559062.8104,6698707.856,-746405.1095,-4830.492267,266.2842277,5957.400093,0.7203118268542,-8.6307985498929,0.9616887726972,0.7203118268542,-8.6307985498929,0.9616887726972
15360.0,-847372.3628,6699143.883,-387507.0574,-4776.112768,-251.7432199,6001.243097,1.0916212501163,-8.6301231213328,0.499203133146,1.0916212501163,-8.6301231213328,0.499203133146
15420.0,-1131753.625,6668523.445,-26812.52854,-4699.600763,-768.5321195,6017.260842,1.4577792750483,-8.5895331477974,0.0345364464212,1.4577792750483,-8.5895331477974,0.0345364464212
15480.0,-1410888.932,6606992.603,334006.3193,-4601.31596,-1281.692933,6005.38665,1.8171032714595,-8.5092366966249,-0.4301713350677,1.8171032714595,-8.5092366966249,-0.4301713350677
15540.0,-1683485.213,6514840.307,693277.1795,-4481.718077,-1788.854036,5965.682227,2.1679434794746,-8.3896225839596,-0.8927822645355,2.1679434794746,-8.3896225839596,-0.8927822645355
15600.0,-1948279.927,6392496.997,1049335.291,-4341.364646,-2287.672507,5898.337259,2.5086903106173,-8.2312582805212,-1.3511699428305,2.5086903106173,-8.2312582805212,-1.3511699428305
15660.0,-2204046.853,6240532.563,1400531.09,-4180.908394,-2775.844762,5803.66843,2.8377814487513,-8.0348870614203,-1.8032289740234,2.8377814487513,-8.0348870614203,-1.8032289740234
15720.0,-2449601.716,6059653.666,1745237.786,-4001.094195,-3251.117,5682.117886,3.1537087247943,-7.8014244170626,-2.2468842984274,3.1537087247943,-7.8014244170626,-2.2468842984274
15780.0,-2683807.612,5850700.447,2081858.831,-3802.755622,-3711.295409,5534.251135,3.4550247402793,-7.5319537441937,-2.6801003679112,3.4550247402793,-7.5319537441937,-2.6801003679112
15840.0,-2905580.218,5614642.625,2408835.244,-3586.811111,-4154.256096,5360.754411,3.7403492159857,-7.2277213380311,-3.1008901293849,3.7403492159857,-7.2277213380311,-3.1008901293849
15900.0,-3113892.757,5352575.016,2724652.761,-3354.259748,-4577.954692,5162.431491,4.008375042991,-6.8901307082047,-3.5073237833672,4.008375042991,-6.8901307082047,-3.5073237833672
15960.0,-3307780.707,5065712.481,3027848.779,-3106.176707,-4980.435597,4940.200015,4.2578740146157,-6.5207362429134,-3.8975372855694,4.2578740146157,-6.5207362429134,-3.8975372855694
16020.0,-3486346.212,4755384.329,3317019.067,-2843.708349,-5359.840828,4695.087283,4.4877022188284,-6.1212362473196,-4.2697405604532,4.4877022188284,-6.1212362473196,-4.2697405604532
16080.0,-3648762.209,4423028.21,3590824.207,-2568.067018,-5714.418433,4428.225584,4.6968050717662,-5.6934653837512,-4.6222253967352,4.6968050717662,-5.6934653837512,-4.6222253967352
16140.0,-3794276.214,4070183.51,3847995.738,-2280.525533,-6042.530425,4140.847053,4.8842219740979,-5.239386542794,-4.9533729958255,4.8842219740979,-5.239386542794,-4.9533729958255
16200.0,-3922213.788,3698484.288,4087341.986,-1982.411424,-6342.660225,3834.278091,5.0490905730244,-4.7610821758419,-5.2616611451923,5.0490905730244,-4.7610821758419,-5.2616611451923
16260.0,-4031981.629,3309651.782,4307753.539,-1675.100915,-6613.419557,3509.933364,5.1906506137832,-4.260745121139,-5.5456709896661,5.1906506137832,-4.260745121139,-5.5456709896661
16320.0,-4123070.319,2905486.517,4508208.355,-1360.012697,-6853.554789,3169.309408,5.308247365598,-3.7406689568174,-5.8040933747187,5.308247365598,-3.7406689568174,-5.8040933747187
16380.0,-4195056.674,2487860.051,4687776.471,-1038.601504,-7061.952674,2813.97787,5.4013346081166,-3.2032379159072,-6.0357347368062,5.4013346081166,-3.2032379159072,-6.0357347368062
16440.0,-4247605.709,2058706.398,4845624.3,-712.3515228,-7237.645478,2445.578406,5.469477165505,-2.6509163997788,-6.2395225169454,5.469477165505,-2.6509163997788,-6.2395225169454
16500.0,-4280472.208,1620013.153,4981018.491,-382.7696655,-7379.815464,2065.81127,5.5123529765329,-2.086238127979,-6.4145100748255,5.5123529765329,-2.086238127979,-6.4145100748255
16560.0,-4293501.881,1173812.381,5093329.333,-51.37873445,-7487.79872,1676.429628,5.5297546902015,-1.511794963937,-6.5598810819431,5.5297546902015,-1.511794963937,-6.5598810819431
16620.0,-4286632.109,722171.2864,5182033.694,280.2894975,-7561.088306,1279.231618,5.5215907777463,-0.9302254575417,-6.6749533735159,5.5215907777463,-0.9302254575417,-6.6749533735159
16680.0,-4259892.274,267182.7159,5246717.479,610.7012573,-7599.336702,876.0521972,5.487886153194,-0.3442031471253,-6.7591822402777,5.487886153194,-0.3442031471253,-6.7591822402777
16740.0,-4213403.671,-189044.4588,5287077.585,938.3277642,-7602.357553,468.754815,5.4287822960863,0.2435753350915,-6.8121631427134,5.4287822960863,0.2435753350915,-6.8121631427134
16800.0,-4147378.996,-644395.0478,5302923.36,1261.652215,-7570.126693,59.22293217,5.3445368715038,0.830402308523,-6.8336338318629,5.3445368715038,0.830402308523,-6.8336338318629
16860.0,-4062121.421,-1096757.286,5294177.543,1579.176731,-7502.782448,-350.6485632,5.235522844141,1.4135711936774,-6.823475862518,5.235522844141,1.4135711936774,-6.823475862518
16920.0,-3958023.25,-1544032.574,5260876.697,1889.429238,-7400.625197,-758.9620146,5.1022270849049,1.9903887170941,-6.7817154864759,5.1022270849049,1.9903887170941,-6.7817154864759
16980.0,-3835564.169,-1984145.169,5203171.107,2190.970242,-7264.116213,-1163.825689,4.9452484703358,2.5581871219676,-6.7085239155002,4.9452484703358,2.5581871219676,-6.7085239155002
17040.0,-3695309.087,-2415051.786,5121324.168,2482.399487,-7093.875764,-1563.362469,4.7652954770849,3.1143363334237,-6.60421694578,4.7652954770849,3.1143363334237,-6.60421694578
17100.0,-3537905.591,-2834751.062,5015711.247,2762.362438,-6890.68049,-1955.718496,4.5631832757257,3.6562560263064,-6.4692539379843,4.5631832757257,3.6562560263064,-6.4692539379843
17160.0,-3364081.009,-3241292.842,4886818.031,3029.556591,-6655.460059,-2339.071742,4.3398303303217,4.1814275423771,-6.3042361494762,4.3398303303217,4.1814275423771,-6.3042361494762
17220.0,-3174639.107,-3632787.243,4735238.361,3282.73755,-6389.293118,-2711.640453,4.0962545124188,4.6874056030596,-6.109904417879,4.0962545124188,4.6874056030596,-6.109904417879
17280.0,-2970456.422,-4007413.451,4561671.568,3520.724866,-6093.402537,-3071.691443,3.8335687404659,5.1718297633113,-5.8871361979762,3.8335687404659,5.1718297633113,-5.8871361979762
17340.0,-2752478.264,-4363428.219,4366919.316,3742.407599,-5769.149994,-3417.54818,3.5529761580794,5.6324355518894,-5.6369419568652,3.5529761580794,5.6324355518894,-5.6369419568652
17400.0,-2521714.379,-4699174.015,4151881.96,3946.749572,-5418.029881,-3747.598649,3.255764867046,6.0670652432464,-5.3604609353621,3.255764867046,6.0670652432464,-5.3604609353621
17460.0,-2279234.317,-5013086.783,3917554.454,4132.794302,-5041.662594,-4060.302931,2.9433022334857,6.4736782065573,-5.0589562868584,2.9433022334857,6.4736782065573,-5.0589562868584
17520.0,-2026162.511,-5303703.29,3665021.801,4299.669574,-4641.787206,-4354.200479,2.6170287881494,6.8503607779685,-4.7338096081398,2.6170287881494,6.8503607779685,-4.7338096081398
17580.0,-1763673.094,-5569668.014,3395454.079,4446.59164,-4220.253565,-4627.917045,2.2784517443903,7.1953356031079,-4.3865148800703,2.2784517443903,7.1953356031079,-4.3865148800703
17640.0,-1492984.472,-5809739.534,3110101.069,4572.869013,-3779.013849,-4880.171225,1.9291381598957,7.5069703982071,-4.0186718395013,1.9291381598957,7.5069703982071,-4.0186718395013
17700.0,-1215353.688,-6022796.41,2810286.498,4677.905849,-3320.113619,-5109.780598,1.5707077707669,7.7837860798879,-3.6319788072475,1.5707077707669,7.7837860798879,-3.6319788072475
17760.0,-932070.5933,-6207842.499,2497401.922,4761.204881,-2845.682396,-5315.667405,1.2048255289763,8.0244642157685,-3.2282250004617,1.2048255289763,8.0244642157685,-3.2282250004617
17820.0,-644451.8517,-6364011.707,2172900.294,4822.369903,-2357.923815,-5496.863766,0.8331938765684,8.227853750549,-2.8092823611912,0.8331938765684,8.227853750549,-2.8092823611912
17880.0,-353834.8177,-6490572.125,1838289.224,4861.107782,-1859.105405,-5652.516384,0.4575447921862,8.392976965156,-2.3770969362874,0.4575447921862,8.392976965156,-2.3770969362874
17940.0,-61571.30181,-6586929.548,1495123.975,4877.229987,-1351.548027,-5781.890724,0.0796316475674,8.5190346298445,-1.9336798471191,0.0796316475674,8.5190346298445,-1.9336798471191
18000.0,230978.7386,-6652630.355,1145000.229,4870.653624,-837.6150284,-5884.374635,-0.2987790864679,8.6054103158742,-1.4810978906835,-0.2987790864679,8.6054103158742,-1.4810978906835
18060.0,522453.5565,-6687363.721,789546.6473,4841.401971,-319.7011731,-5959.481402,-0.6759162433478,8.6516738344786,-1.0214638166641,-0.6759162433478,8.6516738344786,-1.0214638166641
18120.0,811495.9884,-6690963.171,430417.267,4789.604504,199.7786181,-6006.852205,-1.0500124307773,8.6575837763009,-0.5569263277312,-1.0500124307773,8.6575837763009,-0.5569263277312
18180.0,1096759.815,-6663407.444,69283.77082,4715.496417,718.4006457,-6026.25797,-1.4193125236734,8.6230891292668,-0.0896598528656,-1.4193125236734,8.6230891292668,-0.0896598528656
18240.0,1376916.076,-6604820.679,-292172.339,4619.417633,1233.743881,-6017.6006,-1.7820821353325,8.5483299579542,0.378145854314,-1.7820821353325,8.5483299579542,0.378145854314
18300.0,1650659.312,-6515471.909,-652267.6204,4501.811303,1743.401426,-5980.913579,-2.1366160215723,8.4336371328789,0.8442962383621,-2.1366160215723,8.4336371328789,0.8442962383621
18360.0,1916713.703,-6395773.873,-1009324.589,4363.221815,2244.991933,-5916.361945,-2.4812463723336,8.2795311036848,1.3066025305756,-2.4812463723336,8.2795311036848,1.3066025305756
18420.0,2173839.065,-6246281.14,-1361679.594,4204.292294,2736.170914,-5824.241625,-2.8143509452961,8.0867197159789,1.7628923467911,-2.8143509452961,8.0867197159789,1.7628923467911
18480.0,2420836.694,-6067687.562,-1707690.635,4025.761638,3214.641899,-5704.97813,-3.1343609964817,7.8560950774156,2.2110202371377,-3.1343609964817,7.8560950774156,2.2110202371377
18540.0,2656555.005,-5860823.068,-2045745.086,3828.461068,3678.167374,-5559.124632,-3.4397689635805,7.5887294845653,2.6488781301437,-3.4397689635805,7.5887294845653,2.6488781301437
18600.0,2879894.961,-5626649.799,-2374267.275,3613.31024,4124.579442,-5387.359406,-3.7291358588459,7.2858704280484,3.0744056137016,-3.7291358588459,7.2858704280484,3.0744056137016
18660.0,3089815.251,-5366257.622,-2691725.905,3381.312914,4551.79017,-5190.482671,-4.0010983298619,6.9489346993028,3.4855999959365,-4.0010983298619,6.9489346993028,3.4855999959365
18720.0,3285337.194,-5080859.032,-2996641.258,3133.552215,4957.801544,-4969.41283,-4.2543753482761,6.5795016281393,3.8805260900137,-4.2543753482761,6.5795016281393,3.8805260900137
18780.0,3465549.35,-4771783.468,-3287592.155,2871.185501,5340.714995,-4725.182135,-4.4877744887084,6.1793054858558,4.2573256683393,-4.4877744887084,6.1793054858558,4.2573256683393
18840.0,3629611.813,-4440471.071,-3563222.652,2595.438868,5698.740455,-4458.931794,-4.7001977624633,5.7502270940703,4.6142265334644,-4.7001977624633,5.7502270940703,4.6142265334644
18900.0,3776760.158,-4088465.917,-3822248.407,2307.601328,6030.204871,-4171.906552,-4.8906469733814,5.2942846845512,4.9495511552684,-4.8906469733814,5.2942846845512,4.9495511552684
18960.0,3906309.037,-3717408.757,-4063462.726,2009.018665,6333.560165,-3865.448757,-5.0582285661298,4.8136240600985,5.261724826662,-5.0582285661298,4.8136240600985,5.261724826662
19020.0,4017655.39,-3329029.288,-4285742.222,1701.087029,6607.390573,-3540.991964,-5.2021579404273,4.3105081109382,5.5492832930781,-5.2021579404273,4.3105081109382,5.5492832930781
19080.0,4110281.273,-2925138.018,-4488052.089,1385.246281,6850.41934,-3200.054093,-5.3217632080961,3.7873057450687,5.8108798143959,-5.3217632080961,3.7873057450687,5.8108798143959
19140.0,4183756.276,-2507617.735,-4669450.946,1062.973134,7061.514739,-2844.230178,-5.4164883733955,3.2464802945176,6.0452916216156,-5.4164883733955,3.2464802945176,6.0452916216156
19200.0,4237739.517,-2078414.647,-4829095.239,735.7741183,7239.695375,-2475.184753,-5.485895920785,2.6905774624996,6.2514257345521,-5.485895920785,2.6905774624996,6.2514257345521
19260.0,4271981.226,-1639529.221,-4966243.172,405.178408,7384.134756,-2094.643908,-5.5296687980478,2.1222128789698,6.4283241109857,-5.5296687980478,2.1222128789698,6.4283241109857
19320.0,4286323.878,-1193006.765,-5080258.158,72.73055172,7494.165108,-1704.387054,-5.5476117865513,1.5440593340478,6.5751681020661,-5.5476117865513,1.5440593340478,6.5751681020661
19380.0,4280702.9,-740927.8181,-5170611.76,-260.0168644,7569.280413,-1306.238443,-5.5396522542736,0.9588337602089,6.6912821932635,-5.5396522542736,0.9588337602089,6.6912821932635
19440.0,4255146.932,-285398.3671,-5236886.126,-591.510579,7609.138663,-902.058487,-5.5058402910674,0.3692840350171,6.7761370147498,-5.5058402910674,0.3692840350171,6.7761370147498
19500.0,4209777.646,171460.0387,-5278775.894,-920.204007,7613.563321,-493.7349175,-5.4463482294074,-0.2218243235033,6.8293516097285,-5.4463482294074,-0.2218243235033,6.8293516097285
19560.0,4144809.123,627520.2405,-5296089.559,-1244.564545,7582.543974,-83.17383126,-5.3614695575616,-0.8117214969747,6.8506949538726,-5.3614695575616,-0.8117214969747,6.8506949538726
19620.0,4060546.805,1080659.437,-5288750.312,-1563.080793,7516.236197,327.7093329,-5.2516172356824,-1.3976466711101,6.840086723623,-5.2516172356824,-1.3976466711101,6.840086723623
19680.0,3957385.999,1528769.119,-5256796.318,-1874.269658,7414.960612,736.99884,-5.117321428725,-1.9768612345951,6.7975973156096,-5.117321428725,-1.9768612345951,6.7975973156096
19740.0,3835809.978,1969764.926,-5200380.476,-2176.683303,7279.201164,1142.787684,-4.959226673323,-2.5466618042237,6.7234471238428,-4.959226673323,-2.5466618042237,6.7234471238428
19800.0,3696387.656,2401596.372,-5119769.614,-2468.915911,7109.602627,1543.186549,-4.7780884987647,-3.1043930102682,6.6180050855397,-4.7780884987647,-3.1043930102682,6.6180050855397
19860.0,3539770.872,2822256.404,-5015343.169,-2749.61023,6906.967342,1936.332656,-4.5747695250049,-3.6474599786223,6.4817865104779,-4.5747695250049,-3.6474599786223,6.4817865104779
19920.0,3366691.283,3229790.737,-4887591.33,-3017.463871,6672.251222,2320.398471,-4.3502350631889,-4.1733404491913,6.3154502125626,-4.3502350631889,-4.1733404491913,6.3154502125626
19980.0,3177956.895,3622306.934,-4737112.669,-3271.235321,6406.559048,2693.600201,-4.1055482464488,-4.6795964732507,6.1197949658425,-4.1055482464488,-4.6795964732507,6.1197949658425
20040.0,2974448.235,3997983.175,-4564611.263,-3509.749661,6111.139062,3054.20608,-3.8418647207538,-5.1638856360248,5.8957553104786,-3.8418647207538,-5.1638856360248,5.8957553104786
20100.0,2757114.189,4355076.691,-4370893.336,-3731.903942,5787.376919,3400.544366,-3.5604269273397,-5.6239717544937,5.6443967371581,-3.5604269273397,-5.6239717544937,5.6443967371581
20160.0,2526967.536,4691931.807,-4156863.421,-3936.672214,5436.789003,3731.011042,-3.2625580097159,-6.0577350043787,5.3669102811221,-3.2625580097159,-6.0577350043787,5.3669102811221
20220.0,2285080.186,5006987.575,-3923520.077,-4123.110178,5061.015155,4044.07717,-2.9496553794501,-6.4631814343333,5.0646065593565,-2.9496553794501,-6.4631814343333,5.0646065593565
20280.0,2032578.149,5298784.945,-3671951.168,-4290.359438,4661.810858,4338.295878,-2.6231839758657,-6.8384518295409,4.738909286551,-2.6231839758657,-6.8384518295409,4.738909286551
20340.0,1770636.263,5565973.459,-3403328.747,-4437.651349,4241.038895,4612.308936,-2.2846692554648,-7.1818298911373,4.3913483071916,-2.2846692554648,-7.1818298911373,4.3913483071916
20400.0,1500472.708,5807317.426,-3118903.545,-4564.310423,3800.660553,4864.852904,-1.9356899473236,-7.4917497021037,4.0235521825952,-1.9356899473236,-7.4917497021037,4.0235521825952
20460.0,1223343.322,6021701.556,-2819999.11,-4669.757313,3342.726393,5094.764822,-1.5778706109074,-7.7668024544769,3.637240372854,-1.5778706109074,-7.7668024544769,3.637240372854
20520.0,940535.7549,6208136.034,-2508005.626,-4753.511328,2869.36664,5300.987422,-1.2128740327376,-8.0057424168538,3.234215054526,-1.2128740327376,-8.0057424168538,3.234215054526
20580.0,653363.4873,6365761.0,-2184373.42,-4815.1925,2382.781238,5482.573837,-0.8423934981303,-8.2074921252094,2.8163526155153,-0.8423934981303,-8.2074921252094,2.8163526155153
20640.0,363159.7338,6493850.426,-1850606.214,-4854.523177,1885.229618,5638.691788,-0.4681449738366,-8.3711467839651,2.3855948689414,-0.4681449738366,-8.3711467839651,2.3855948689414
20700.0,71271.26967,6591815.373,-1508254.136,-4871.329147,1379.020229,5768.627244,-0.0918592368582,-8.4959778680184,1.9439400279204,-0.0918592368582,-8.4959778680184,1.9439400279204
20760.0,-220947.7979,6659206.616,-1158906.531,-4865.540295,866.4998701,5871.787528,0.2847260159736,-8.581435920061,1.4934334831034,0.2847260159736,-8.581435920061,1.4934334831034
20820.0,-512142.2831,6695716.614,-804184.5957,-4837.190776,350.0428839,5947.70387,0.6598740438825,-8.6271525409501,1.0361584245431,0.6598740438825,-8.6271525409501,1.0361584245431
20880.0,-800962.1716,6701180.845,-445733.8878,-4786.418726,-167.9597461,5996.033385,1.031856890632,-8.6329415741558,0.5742263490306,1.031856890632,-8.6329415741558,0.5742263490306
20940.0,-1086068.839,6675578.469,-85216.72321,-4713.4655,-685.111346,6016.560489,1.3989631337368,-8.5987994883754,0.1097674934693,1.3989631337368,-8.5987994883754,0.1097674934693
21000.0,-1366141.208,6619032.343,275695.4881,-4618.674451,-1199.0205,6009.197736,1.7595055235858,-8.5249049652823,-0.3550787658424,1.7595055235858,-8.5249049652823,-0.3550787658424
21060.0,-1639881.824,6531808.381,635329.9415,-4502.489254,-1707.311953,5973.986075,2.111828482761,-8.4116177020743,-0.8181735089387,2.111828482761,-8.4116177020743,-0.8181735089387
21120.0,-1906022.809,6414314.254,992020.1347,-4365.451787,-2207.637412,5911.094538,2.4543154369706,-8.2594764409939,-1.2773878247133,2.4543154369706,-8.2594764409939,-1.2773878247133
21180.0,-2163331.682,6267097.456,1344113.529,-4208.19957,-2697.686217,5820.819354,2.7853959501664,-8.0691962403394,-1.7306122829653,2.7853959501664,-8.0691962403394,-1.7306122829653
21240.0,-2410617.007,6090842.731,1689979.141,-4031.462794,-3175.195814,5703.582501,3.1035526375767,-7.8416650036663,-2.1757662896577,3.1035526375767,-7.8416650036663,-2.1757662896577
21300.0,-2646733.859,5886368.872,2028015.029,-3836.060933,-3637.962005,5559.929695,3.4073278315408,-7.5779392859169,-2.6108072900839,3.4073278315408,-7.5779392859169,-2.6108072900839
21360.0,-2870589.063,5654624.928,2356655.645,-3622.89897,-4083.848926,5390.527838,3.6953299761815,-7.2792393971245,-3.0337397856574,3.6953299761815,-7.2792393971245,-3.0337397856574
21420.0,-3081146.208,5396685.802,2674379.013,-3392.963243,-4510.798705,5196.161932,3.9662397280876,-6.9469438261336,-3.4426241310664,3.9662397280876,-6.9469438261336,-3.4426241310664
21480.0,-3277430.392,5113747.302,2979713.712,-3147.31694,-4916.840771,4977.731465,4.2188157412965,-6.5825830084774,-3.8355850795631,4.2188157412965,-6.5825830084774,-3.8355850795631
21540.0,-3458532.689,4807120.621,3271245.624,-2887.095253,-5300.100768,4736.246303,4.4519001159686,-6.1878324641764,-4.2108200451798,4.4519001159686,-6.1878324641764,-4.2108200451798
21600.0,-3623614.315,4478226.319,3547624.42,-2613.500216,-5658.809038,4472.822085,4.6644234912341,-5.7645053327812,-4.5666070516809,4.6644234912341,-5.7645053327812,-4.5666070516809
21660.0,-3771910.479,4128587.79,3807569.757,-2327.795249,-5991.30864,4188.675162,4.8554097637652,-5.3145443344994,-4.9013123390735,4.8554097637652,-5.3145443344994,-4.9013123390735
21720.0,-3902733.895,3759824.275,4049877.157,-2031.299433,-6296.062871,3885.117082,5.0239804146982,-4.8400131877358,-5.2133975995071,5.0239804146982,-4.8400131877358,-5.2133975995071
21780.0,-4015477.94,3373643.432,4273423.544,-1725.381531,-6571.662255,3563.548653,5.1693584285948,-4.3430875148423,-5.5014268154088,5.1693584285948,-4.3430875148423,-5.5014268154088
21840.0,-4109619.457,2971833.51,4477172.412,-1411.453795,-6816.830972,3225.453617,5.2908717892126,-3.8260452693442,-5.7640726737242,5.2908717892126,-3.8260452693442,-5.7640726737242
21900.0,-4184721.166,2556255.151,4660178.599,-1090.965571,-7030.4327,2872.391942,5.3879565379453,-3.2912567193792,-6.0001225311786,5.3879565379453,-3.2912567193792,-6.0001225311786
21960.0,-4240433.697,2128832.858,4821592.654,-765.3967336,-7211.475843,2505.992777,5.4601593819178,-2.74117402357,-6.2084839065529,5.4601593819178,-2.74117402357,-6.2084839065529
22020.0,-4276497.224,1691546.17,4960664.766,-436.2509792,-7359.118121,2127.947087,5.5071398398776,-2.1783204370466,-6.3881894770871,5.5071398398776,-2.1783204370466,-6.3881894770871
22080.0,-4292742.684,1246420.585,5076748.246,-105.0490072,-7472.670506,1740.00001,5.5286719152353,-1.6052791868487,-6.538401557304,5.5286719152353,-1.6052791868487,-6.538401557304
22140.0,-4289092.594,795518.2633,5169302.542,226.6783893,-7551.600478,1343.942955,5.5246452868727,-1.0246820574632,-6.6584160397971,5.5246452868727,-1.0246820574632,-6.6584160397971
22200.0,-4265561.45,340928.5525,5237895.772,557.3972868,-7595.53459,941.6054846,5.4950660096761,-0.4391977287826,-6.7476657788623,5.4950660096761,-0.4391977287826,-6.7476657788623
22260.0,-4222255.698,-115241.6119,5282206.766,885.577623,-7604.260326,534.8470101,5.440056718168,0.1484800897049,-6.8057233992865,5.440056718168,0.1484800897049,-6.8057233992865
22320.0,-4159373.302,-570877.4019,5302026.601,1209.700185,-7577.727244,125.5483345,5.3598563281208,0.7356446831664,-6.8323035141627,5.3598563281208,0.7356446831664,-6.8323035141627
22380.0,-4077202.876,-1023865.837,5297259.632,1528.263563,-7516.047389,-284.3969174,5.2548192326316,1.3195884673186,-6.8272643372688,5.2548192326316,1.3195884673186,-6.8272643372688
22440.0,-3976122.414,-1472105.53,5267923.998,1839.791045,-7419.494987,-693.0909477,5.125413990848,1.8976151877311,-6.7906086773697,5.125413990848,1.8976151877311,-6.7906086773697
22500.0,-3856597.599,-1913516.386,5214151.617,2142.837415,-7288.505389,-1098.640476,4.9722215093384,2.4670521329603,-6.7224843037595,4.9722215093384,2.4670521329603,-6.7224843037595
22560.0,-3719179.717,-2346049.222,5136187.647,2435.99562,-7123.673302,-1499.165431,4.7959327180227,3.0252623106691,-6.6231836744769,4.7959327180227,3.0252623106691,-6.6231836744769
22620.0,-3564503.169,-2767695.261,5034389.441,2717.903299,-6925.750276,-1892.80761,4.5973457446017,3.5696565347628,-6.4931430209097,4.5973457446017,3.5696565347628,-6.4931430209097
22680.0,-3393282.596,-3176495.44,4909224.971,2987.249111,-6695.64148,-2277.739258,4.3773625935537,4.0977053705839,-6.3329407849392,4.3773625935537,4.0977053705839,-6.3329407849392
22740.0,-3206309.639,-3570549.523,4761270.749,3242.778857,-6434.401761,-2652.171539,4.1369853379982,4.6069508844118,-6.1432954073835,4.1369853379982,4.6069508844118,-6.1432954073835
22800.0,-3004449.324,-3948024.938,4591209.242,3483.301359,-6143.23101,-3014.362855,3.8773118350452,5.0950181429187,-5.9250624692574,3.8773118350452,5.0950181429187,-5.9250624692574
22860.0,-2788636.121,-4307165.327,4399825.792,3707.694066,-5823.468842,-3362.626972,3.5995309776521,5.5596264078857,-5.679231190286,3.5995309776521,5.5596264078857,-5.679231190286
22920.0,-2559869.657,-4646298.753,4188005.056,3914.908364,-5476.588621,-3695.340913,3.3049174984769,5.9985999713984,-5.4069202921611,3.3049174984769,5.9985999713984,-5.4069202921611
22980.0,-2319210.135,-4963845.53,3956726.98,4103.974557,-5104.190839,-4010.952595,2.9948263437391,6.4098785769581,-5.1093732372154,2.9948263437391,6.4098785769581,-5.1093732372154
23040.0,-2067773.454,-5258325.636,3707062.324,4274.006504,-4707.99589,-4307.98815,2.6706866376475,6.7915273724826,-4.7879528564837,2.6706866376475,6.7915273724826,-4.7879528564837
23100.0,-1806726.067,-5528365.674,3440167.759,4424.205875,-4289.836259,-4585.058916,2.3339952605213,7.1417463420571,-4.4441353844998,2.3339952605213,7.1417463420571,-4.4441353844998
23160.0,-1537279.597,-5772705.354,3157280.553,4553.866019,-3851.648165,-4840.868042,1.9863100662793,7.4588791645458,-4.0795039216269,1.9863100662793,7.4588791645458,-4.0795039216269
23220.0,-1260685.226,-5990203.449,2859712.873,4662.375406,-3395.462689,-5074.216696,1.6292427674853,7.7414214488192,-3.6957413481999,1.6292427674853,7.7414214488192,-3.6957413481999
23280.0,-978227.8982,-6179843.21,2548845.732,4749.220643,-2923.396425,-5284.00982,1.2644515185898,7.9880282973789,-3.2946227182469,1.2644515185898,7.9880282973789,-3.2946227182469
23340.0,-691220.354,-6340737.207,2226122.601,4813.989025,-2437.641702,-5469.261427,0.893633230363,8.1975211526124,-2.8780071640195,0.893633230363,8.1975211526124,-2.8780071640195
23400.0,-400997.0204,-6472131.567,1893042.713,4856.370628,-1940.456422,-5629.099385,0.5185156507537,8.3688938827531,-2.4478293459596,0.5185156507537,8.3688938827531,-2.4478293459596
23460.0,-108907.7953,-6573409.596,1551154.109,4876.159916,-1434.153543,-5762.769685,0.140849249495,8.501318067882,-2.0060904860343,0.140849249495,8.501318067882,-2.0060904860343
23520.0,183688.2518,-6644094.762,1202046.431,4873.256856,-921.0902882,-5869.640156,-0.237601054311,8.5941474499605,-1.5548490255314,-0.237601054311,8.5941474499605,-1.5548490255314
23580.0,475429.2312,-6683853.017,847343.5156,4847.667533,-403.6570963,-5949.203608,-0.6150642806942,8.6469215149221,-1.0962109514047,-0.6150642806942,8.6469215149221,-1.0962109514047
23640.0,764956.8062,-6692494.457,488695.8174,4799.504264,115.7336036,-6001.08039,-0.9897718509964,8.6593681792554,-0.6323198380339,-0.9897718509964,8.6593681792554,-0.6323198380339
23700.0,1050922.557,-6669974.297,127772.6928,4728.985192,634.658757,-6025.020335,-1.3599660801102,8.6314055582493,-0.1653466537969,-1.3599660801102,8.6314055582493,-0.1653466537969
23760.0,1331994.306,-6616393.17,-233745.4115,4636.433388,1150.696125,-6020.904102,-1.7239086542249,8.5631427981193,0.3025206158985,-1.7239086542249,8.5631427981193,0.3025206158985
23820.0,1606862.372,-6531996.732,-594174.8317,4522.275425,1661.43575,-5988.743873,-2.079889048895,8.4548799595496,0.7690874755483,-2.079889048895,8.4548799595496,0.7690874755483
23880.0,1874245.731,-6417174.583,-951836.5845,4387.039467,2164.491377,-5928.683432,-2.4262328419355,8.3071069457284,1.2321635012899,-2.4262328419355,8.3071069457284,1.2321635012899
23940.0,2132898.031,-6272458.502,-1305064.249,4231.352858,2657.511796,-5840.997603,-2.7613098756638,8.120501473673,1.6895729410762,-2.7613098756638,8.120501473673,1.6895729410762
24000.0,2381613.471,-6098520.01,-1652211.797,4055.939221,3138.192021,-5726.091048,-3.0835422233714,7.8959260934965,2.1391652761024,-3.0835422233714,7.8959260934965,2.1391652761024
24060.0,2619232.469,-5896167.264,-1991661.33,3861.615095,3604.284267,-5584.496443,-3.391411915613,7.6344242661908,2.5788256859102,-3.391411915613,7.6344242661908,2.5788256859102
24120.0,2844647.129,-5666341.307,-2321830.692,3649.286111,4053.608667,-5416.872023,-3.6834683829555,7.3372155164438,3.0064853596262,-3.6834683829555,7.3372155164438,3.0064853596262
24180.0,3056806.461,-5410111.671,-2641180.912,3419.942735,4484.063665,-5223.998518,-3.9583355732323,7.0056896829151,3.4201315962632,-3.9583355732323,7.0056896829151,3.4201315962632
24240.0,3254721.331,-5128671.385,-2948223.447,3174.655589,4893.636042,-5006.775491,-4.2147187030852,6.6414002941969,3.8178176379281,-4.2147187030852,6.6414002941969,3.8178176379281
24300.0,3437469.124,-4823331.376,-3241527.19,2914.570385,5280.410514,-4766.217094,-4.451410605637,6.2460571043359,4.1976721811335,-4.451410605637,6.2460571043359,4.1976721811335
24360.0,3604198.081,-4495514.322,-3519725.2,2640.902487,5642.578869,-4503.447263,-4.6672976385161,5.8215178272237,4.557908513193,-4.6672976385161,5.8215178272237,4.557908513193
24420.0,3754131.314,-4146747.967,-3781521.135,2354.931137,5978.448569,-4219.694381,-4.8613651191088,5.3697791143243,4.896833222884,-4.8613651191088,5.3697791143243,4.896833222884
24480.0,3886570.454,-3778657.931,-4025695.343,2057.99336,6286.450803,-3916.285428,-5.0327022568442,4.8929668250479,5.2128544371582,-5.0327022568442,4.8929668250479,5.2128544371582
24540.0,4000898.928,-3392960.065,-4251110.593,1751.477606,6565.147929,-3594.639657,-5.1805065554771,4.3933256435439,5.5044895386587,-5.1805065554771,4.3933256435439,5.5044895386587
24600.0,4096584.847,-2991452.371,-4456717.408,1436.817124,6813.240281,-3256.261821,-5.3040876616976,3.8732080997418,5.7703723221168,-5.3040876616976,3.8732080997418,5.7703723221168
24660.0,4173183.492,-2576006.538,-4641558.984,1115.483137,7029.572288,-2902.734986,-5.402870639937,3.3350630560607,6.0092595513367,-5.402870639937,3.3350630560607,6.0092595513367
24720.0,4230339.382,-2148559.127,-4804775.661,788.9778357,7213.137908,-2535.712973,-5.4763986569133,2.7814237243211,6.2200368823763,-5.4763986569133,2.7814237243211,6.2200368823763
24780.0,4267787.915,-1711102.459,-4945608.935,458.8272214,7363.085309,-2156.912465,-5.5243350632301,2.2148952799858,6.4017241226782,-5.5243350632301,2.2148952799858,6.4017241226782
24840.0,4285356.587,-1265675.236,-5063404.983,126.5738516,7478.720813,-1768.104816,-5.5464648631812,1.6381421429201,6.5534798002284,-5.5464648631812,1.6381421429201,6.5534798002284
24900.0,4282965.757,-814352.9555,-5157617.697,-206.2304888,7559.512061,-1371.107607,-5.5426955677673,1.0538749953767,6.6746050213036,-5.5426955677673,1.0538749953767,6.6746050213036
24960.0,4260628.986,-359238.1569,-5227811.189,-538.0321484,7605.090392,-967.7759966,-5.5130574297769,0.4648376088745,6.7645465999413,-5.5130574297769,0.4648376088745,6.7645465999413
25020.0,4218452.924,97549.455,-5273661.793,-867.2829652,7615.252435,-559.9939013,-5.4577030635735,-0.1262064479476,6.8228994469012,-5.4577030635735,-0.1262064479476,6.8228994469012
25080.0,4156636.767,553882.9528,-5294959.515,-1192.447582,7589.960891,-149.665057,-5.376906455938,-0.7164871485469,6.8494082105287,-5.376906455938,-0.7164871485469,6.8494082105287
25140.0,4075471.263,1007638.155,-5291608.955,-1512.010683,7529.344523,261.2959953,-5.2710613778974,-1.3032413234684,6.8439681665333,-5.2710613778974,-1.3032413234684,6.8439681665333
25200.0,3975337.301,1456703.57,-5263629.682,-1824.484119,7433.697348,670.9729556,-5.1406792109085,-1.8837258809773,6.806625358223,-5.1406792109085,-1.8837258809773,6.806625358223
25260.0,3856704.069,1898990.267,-5211156.073,-2128.413888,7303.477042,1077.456796,-4.9863862040154,-2.4552308648418,6.7375759931424,-4.9863862040154,-2.4552308648418,6.7375759931424
25320.0,3720126.801,2332441.626,-5134436.602,-2422.386923,7139.302559,1478.854735,-4.8089201816553,-3.0150922828654,6.637165106311,-4.8089201816553,-3.0150922828654,6.637165106311
25380.0,3566244.12,2755042.929,-5033832.599,-2705.037683,6941.951002,1873.299107,-4.6091267246099,-3.5607046422702,6.5058845043134,-4.6091267246099,-3.5607046422702,6.5058845043134
25440.0,3395774.998,3164830.733,-4909816.485,-2975.054488,6712.353741,2258.956092,-4.3879548491852,-4.089533130906,6.3443700083356,-4.3879548491852,-4.089533130906,6.3443700083356
25500.0,3209515.34,3559901.989,-4762969.478,-3231.18558,6451.59182,2634.034256,-4.1464522120299,-4.5991253864617,6.1533980178212,-4.1464522120299,-4.5991253864617,6.1533980178212
25560.0,3008334.212,3938422.874,-4593978.804,-3472.244893,6160.890669,2996.792864,-3.8857598700629,-5.0871227993431,5.933881419746,-3.8857598700629,-5.0871227993431,5.933881419746
25620.0,2793169.738,4298637.274,-4403634.41,-3697.117485,5841.614148,3345.549932,-3.6071066267739,-5.5512712986031,5.6868648715377,-3.6071066267739,-5.5512712986031,5.6868648715377
25680.0,2565024.676,4638874.896,-4192825.202,-3904.764624,5495.25797,3678.689981,-3.3118029976741,-5.9894315742262,5.4135194883984,-3.3118029976741,-5.9894315742262,5.4135194883984
25740.0,2324961.705,4957558.967,-3962534.838,-4094.228503,5123.442522,3994.671443,-3.0012348289221,-6.3995886931289,5.1151369682142,-3.0012348289221,-6.3995886931289,5.1151369682142
25800.0,2074098.432,5253213.487,-3713837.071,-4264.636556,4727.905128,4292.033712,-2.6768566041251,-6.7798610703959,4.7931231893467,-2.6768566041251,-6.7798610703959,4.7931231893467
25860.0,1813602.164,5524469.997,-3447890.699,-4415.205376,4310.491799,4569.403789,-2.3401844750372,-7.1285087614868,4.4489913184062,-2.3401844750372,-7.1285087614868,4.4489913184062
25920.0,1544684.451,5770073.843,-3165934.11,-4545.244192,3873.148501,4825.502501,-1.9927890523458,-7.4439410453765,4.0843544666034,-1.9927890523458,-7.4439410453765,4.0843544666034
25980.0,1268595.429,5988889.899,-2869279.488,-4654.15792,3417.911995,5059.150268,-1.6362879929779,-7.7247232727997,3.7009179344783,-1.6362879929779,-7.7247232727997,3.7009179344783
26040.0,986618.0051,6179907.73,-2559306.664,-4741.449757,2946.900284,5269.27239,-1.2723384203729,-7.9695829579137,3.3004710857212,-1.2723384203729,-7.9695829579137,3.3004710857212
26100.0,700061.8915,6342246.175,-2237456.69,-4806.723319,2462.30272,5454.903841,-0.9026292139904,-8.177415095753,2.8848788914489,-0.9026292139904,-8.177415095753,2.8848788914489
26160.0,410257.5271,6475157.316,-1905225.117,-4849.684314,1966.369815,5615.193543,-0.5288732039562,-8.3472866917875,2.456073186692,-0.5288732039562,-8.3472866917875,2.456073186692
26220.0,118549.9146,6578029.844,-1564155.048,-4870.14174,1461.402807,5749.40811,-0.1527993062209,-8.4784404936949,2.0160436810146,-0.1527993062209,-8.4784404936949,2.0160436810146
26280.0,-173707.6011,6650391.778,-1215829.979,-4868.008615,949.7430189,5856.935047,0.2238553670616,-8.5702979191019,1.5668287651329,0.2238553670616,-8.5702979191019,1.5668287651329
26340.0,-465159.5847,6691912.551,-861866.4585,-4843.302234,433.7610761,5937.285386,0.599353388024,-8.6224611765143,1.1105061551636,0.599353388024,-8.6224611765143,1.1105061551636
26400.0,-754454.7622,6702404.44,-503906.6164,-4796.143951,-84.15398839,5990.095767,0.9719648514258,-8.6347145799445,0.6491834157218,0.9719648514258,-8.6347145799445,0.6491834157218
26460.0,-1040252.247,6681823.342,-143610.5759,-4726.758493,-601.6056783,6015.129942,1.3399751388073,-8.6070250608445,0.1849884025377,1.3399751388073,-8.6070250608445,0.1849884025377
26520.0,-1321227.71,6630268.895,217351.2026,-4635.472814,-1116.200987,6012.2797,1.7016925774669,-8.5395418838582,-0.2799403354182,1.7016925774669,-8.5395418838582,-0.2799403354182
26580.0,-1596079.466,6547983.94,577305.6179,-4522.714492,-1625.561307,5981.565226,2.0554559643641,-8.4325955756351,-0.7434631550833,2.0554559643641,-8.4325955756351,-0.7434631550833
26640.0,-1863534.455,6435353.33,934584.6273,-4389.00968,-2127.333259,5923.134877,2.3996419261843,-8.2866960784832,-1.2034488813717,2.3996419261843,-8.2866960784832,-1.2034488813717
26700.0,-2122354.081,6292902.097,1287532.916,-4234.980616,-2619.199378,5837.264387,2.7326720879457,-8.1025301430124,-1.6577842947277,2.7326720879457,-8.1025301430124,-1.6577842947277
26760.0,-2371339.892,6121292.98,1634515.503,-4061.342718,-3098.888625,5724.355513,3.0530200236939,-7.8809579761242,-2.1043835076984,3.0530200236939,-7.8809579761242,-2.1043835076984
26820.0,-2609339.078,5921323.33,1973925.246,-3868.901262,-3564.186678,5584.934111,3.3592179639808,-7.6230091627661,-2.541197195056,3.3592179639808,-7.6230091627661,-2.541197195056
26880.0,-2835249.746,5693921.405,2304190.217,-3658.547669,-4012.945955,5419.647675,3.6498632359837,-7.3298778817957,-2.9662216430211,3.6498632359837,-7.3298778817957,-2.9662216430211
26940.0,-3048025.973,5440142.071,2623780.912,-3431.255413,-4443.095326,5229.262331,3.9236244132482,-7.0029174381132,-3.377507584161,3.9236244132482,-7.0029174381132,-3.377507584161
27000.0,-3246682.596,5161161.933,2931217.269,-3188.07557,-4852.649481,5014.659313,4.1792471531703,-6.6436341349336,-3.7731687855683,4.1792471531703,-6.6436341349336,-3.7731687855683
27060.0,-3430299.723,4858273.917,3225075.451,-2930.132025,-5239.717912,4776.830929,4.4155597014294,-6.2536805117045,-4.1513903589444,4.4155597014294,-6.2536805117045,-4.1513903589444
27120.0,-3598026.955,4532881.316,3503994.382,-2658.61636,-5602.513466,4516.876038,4.6314780436778,-5.8348479747448,-4.5104367622355,4.6314780436778,-5.8348479747448,-4.5104367622355
27180.0,-3749087.283,4186491.352,3766681.99,-2374.782446,-5939.360445,4235.995062,4.8260106858686,-5.3890588492001,-4.8486594634782,4.8260106858686,-5.3890588492001,-4.8486594634782
27240.0,-3882780.659,3820708.251,4011921.139,-2079.940759,-6248.702206,3935.484537,4.9982630456706,-4.9183578824047,-5.1645042385234,4.9982630456706,-4.9183578824047,-5.1645042385234
27300.0,-3998487.212,3437225.89,4238575.223,-1775.452438,-6529.108239,3616.731253,5.1474414384899,-4.4249032302102,-5.456518075319,5.1474414384899,-4.4249032302102,-5.456518075319
27360.0,-4095670.106,3037820.026,4445593.398,-1462.72313,-6779.280691,3281.205979,5.2728566426897,-3.9109569593088,-5.7233556584553,5.2728566426897,-3.9109569593088,-5.7233556584553
27420.0,-4173878.022,2624340.16,4632015.416,-1143.19662,-6998.0603,2930.45682,5.3739270296928,-3.3788751000502,-5.9637854087172,5.3739270296928,-3.3788751000502,-5.9637854087172
27480.0,-4232747.248,2198701.053,4796976.065,-818.3482948,-7184.431729,2566.102225,5.4501812457667,-2.8310972857309,-6.1766950534595,5.4501812457667,-2.8310972857309,-6.1766950534595
27540.0,-4272003.375,1762873.952,4939709.167,-489.6784571,-7337.528259,2189.82367,5.501260433443,-2.2701360158292,-6.3610967047341,5.501260433443,-2.2701360158292,-6.3610967047341
27600.0,-4291462.593,1318877.545,5059551.133,-158.7055222,-7456.63583,1803.358059,5.5269199817239,-1.6985655821713,-6.5161314232671,5.5269199817239,-1.6985655821713,-6.5161314232671
27660.0,-4291032.566,868768.6982,5155944.056,173.0408788,-7541.196411,1408.48986,5.527030795486,-1.1190106985351,-6.6410732476208,5.527030795486,-1.1190106985351,-6.6410732476208
27720.0,-4270712.898,414633.0094,5228438.323,504.0268552,-7590.810675,1007.043022,5.501580075815,-0.5341348757303,-6.7353326691974,5.501580075815,-0.5341348757303,-6.7353326691974
27780.0,-4230595.181,-41424.7756,5276694.734,832.7212457,-7605.239976,600.872697,5.4506716044129,0.0533714142799,-6.7984595351607,5.4506716044129,0.0533714142799,-6.7984595351607
27840.0,-4170862.62,-497290.4459,5300486.125,1157.602609,-7584.407603,191.856806,5.3745255267074,0.6408027401337,-6.8301453628817,5.3745255267074,0.6408027401337,-6.8301453628817
27900.0,-4091789.24,-950850.0615,5299698.478,1477.166187,-7528.399319,-218.1125155,5.2734776298805,1.2254508321361,-6.8302250511698,5.2734776298805,1.2254508321361,-6.8302250511698
27960.0,-3993738.677,-1399999.699,5274331.511,1789.930808,-7437.463163,-627.1375563,5.1479781137197,1.8046167746321,-6.7986779753429,5.1479781137197,1.8046167746321,-6.7986779753429
28020.0,-3877162.562,-1842655.165,5224498.757,2094.445703,-7312.008522,-1033.323715,4.9985898539887,2.3756232203182,-6.7356284551254,4.9985898539887,2.3756232203182,-6.7356284551254
28080.0,-3742598.49,-2276761.629,5150427.113,2389.297201,-7152.604473,-1434.788196,4.8259861599139,2.9358265758462,-6.6413455864569,4.8259861599139,2.9358265758462,-6.6413455864569
28140.0,-3590667.6,-2700303.138,5052455.873,2673.115275,-6959.977393,-1829.668673,4.6309480293896,3.4826291069213,-6.5162424305441,4.6309480293896,3.4826291069213,-6.5162424305441
28200.0,-3422071.763,-3111311.966,4931035.242,2944.579909,-6735.007847,-2216.131888,4.4143609076217,4.0134909100857,-6.3608745559037,4.4143609076217,4.0134909100857,-6.3608745559037
28260.0,-3237590.398,-3507877.752,4786724.336,3202.427256,-6478.726765,-2592.382142,4.1772109571395,4.5259416975491,-6.1759379317212,4.1772109571395,4.5259416975491,-6.1759379317212
28320.0,-3038076.919,-3888156.389,4620188.676,3445.455553,-6192.310916,-2956.669637,3.920580849415,5.0175923407981,-5.9622661735877,3.920580849415,5.0175923407981,-5.9622661735877
28380.0,-2824454.842,-4250378.624,4432197.191,3672.53078,-5877.077699,-3307.29864,3.645645090717,5.486146118328,-5.7208271455681,3.645645090717,5.486146118328,-5.7208271455681
28440.0,-2597713.557,-4592858.323,4223618.73,3882.592014,-5534.479273,-3642.635417,3.3536648972865,5.9294096127086,-5.4527189255891,3.3536648972865,5.9294096127086,-5.4527189255891
28500.0,-2358903.791,-4914000.36,3995418.118,4074.65647,-5166.096037,-3961.11591,3.0459826374327,6.3453032023665,-5.1591651442957,3.0459826374327,6.3453032023665,-5.1591651442957
28560.0,-2109132.773,-5212308.106,3748651.743,4247.824189,-4773.629502,-4261.253116,2.7240158606973,6.731871093945,-4.8415097108089,2.7240158606973,6.731871093945,-4.8415097108089
28620.0,-1849559.14,-5486390.462,3484462.728,4401.282364,-4358.894575,-4541.644128,2.3892509367967,7.0872908419366,-4.5012109421795,2.3892509367967,7.0872908419366,-4.5012109421795
28680.0,-1581387.578,-5734968.423,3204075.679,4534.309267,-3923.81128,-4800.976813,2.0432363296066,7.40988230347,-4.139835116776,2.0432363296066,7.40988230347,-4.139835116776
28740.0,-1305863.261,-5956881.118,2908791.048,4646.277765,-3470.395973,-5038.036077,1.6875755339751,7.698115977713,-3.7590494753186,1.6875755339751,7.698115977713,-3.7590494753186
28800.0,-1024266.071,-6151091.316,2599979.135,4736.658401,-3000.752066,-5251.709704,1.3239197056124,7.9506206813196,-3.3606146967662,1.3239197056124,7.9506206813196,-3.3606146967662
